{"stats":{"minecraft:dropped":{"minecraft:bread":3,"alexsmobs:animal_dictionary":1,"minecraft:rotten_flesh":1},"minecraft:picked_up":{"minecraft:crafting_table":2,"minecraft:oak_slab":2,"minecraft:stick":4,"minecraft:leather":6,"minecraft:oak_log":54,"tombstone:grave_dust":2,"minecraft:yellow_bed":2,"minecraft:white_bed":8,"minecraft:gunpowder":2,"minecraft:string":2,"minecraft:spider_eye":1,"minecraft:dirt":5,"minecraft:rotten_flesh":4,"minecraft:apple":3,"minecraft:wheat_seeds":2,"minecraft:bell":1,"minecraft:beef":12,"minecraft:poppy":1,"minecraft:oak_sapling":16,"minecraft:oak_planks":2,"alexsmobs:flying_fish":6,"minecraft:cobblestone":35},"minecraft:custom":{"minecraft:time_since_rest":27266,"lootr:looted_stat":4,"minecraft:sprint_one_cm":66681,"minecraft:damage_taken":351,"minecraft:walk_one_cm":113646,"minecraft:mob_kills":16,"minecraft:drop":5,"minecraft:damage_dealt":1953,"minecraft:interact_with_cartography_table":2,"minecraft:talked_to_villager":1,"minecraft:interact_with_crafting_table":8,"minecraft:fly_one_cm":114844,"minecraft:crouch_one_cm":1588,"minecraft:play_time":27266,"tombstone:undead_killed":3,"minecraft:bell_ring":77,"minecraft:sneak_time":330,"minecraft:walk_under_water_one_cm":321,"minecraft:jump":478,"minecraft:interact_with_grindstone":1,"minecraft:leave_game":2,"minecraft:time_since_death":27266,"minecraft:walk_on_water_one_cm":4232,"minecraft:total_world_time":27266,"minecraft:climb_one_cm":1375,"minecraft:fall_one_cm":15487},"minecraft:mined":{"minecraft:oak_slab":2,"minecraft:white_bed":8,"minecraft:glass_pane":1,"minecraft:yellow_bed":2,"minecraft:crafting_table":2,"minecraft:bell":1,"minecraft:grass":53,"minecraft:grass_block":4,"minecraft:oak_log":55,"minecraft:cobblestone":35,"minecraft:oak_planks":1,"minecraft:oak_leaves":4},"minecraft:used":{"minecraft:wooden_axe":102,"alexsmobs:flying_fish":1,"minecraft:apple":5,"minecraft:bread":7,"minecraft:oak_planks":184,"alexsmobs:flying_fish_boots":1,"minecraft:bell":1,"minecraft:wooden_pickaxe":36,"minecraft:wooden_sword":34,"minecraft:oak_slab":6,"minecraft:crafting_table":3,"alexsmobs:animal_dictionary":1,"minecraft:yellow_bed":2,"minecraft:white_bed":8},"minecraft:killed":{"minecraft:zombie":3,"minecraft:spider":1,"alexsmobs:flying_fish":4,"minecraft:creeper":2,"minecraft:cow":6},"minecraft:broken":{"minecraft:wooden_axe":2},"minecraft:crafted":{"minecraft:wooden_sword":1,"minecraft:oak_slab":6,"minecraft:oak_planks":216,"minecraft:crafting_table":1,"minecraft:stick":4,"minecraft:wooden_pickaxe":1,"minecraft:wooden_axe":2,"alexsmobs:flying_fish_boots":1}},"DataVersion":3465}