{"stats":{"minecraft:dropped":{"alexsmobs:animal_dictionary":1},"minecraft:picked_up":{"minecraft:stick":4,"minecraft:crafting_table":2,"minecraft:apple":3,"minecraft:leather":6,"minecraft:beef":12,"minecraft:oak_log":54,"minecraft:white_bed":1,"minecraft:yellow_bed":1,"minecraft:oak_sapling":16,"alexsmobs:flying_fish":5},"minecraft:custom":{"minecraft:time_since_rest":8829,"minecraft:crouch_one_cm":112,"minecraft:play_time":8829,"minecraft:sprint_one_cm":20369,"minecraft:damage_taken":40,"minecraft:walk_one_cm":28549,"minecraft:sneak_time":29,"minecraft:mob_kills":9,"minecraft:drop":1,"minecraft:jump":144,"minecraft:damage_dealt":883,"minecraft:walk_on_water_one_cm":189,"minecraft:time_since_death":8829,"minecraft:climb_one_cm":580,"minecraft:total_world_time":8829,"minecraft:fall_one_cm":5203,"minecraft:interact_with_crafting_table":3,"minecraft:fly_one_cm":29157},"minecraft:mined":{"minecraft:oak_log":55,"minecraft:white_bed":1,"minecraft:yellow_bed":1,"minecraft:oak_leaves":4,"minecraft:crafting_table":2},"minecraft:used":{"alexsmobs:flying_fish":1,"minecraft:wooden_axe":85,"minecraft:apple":2,"minecraft:crafting_table":2,"alexsmobs:animal_dictionary":1},"minecraft:killed":{"alexsmobs:flying_fish":3,"minecraft:cow":6},"minecraft:broken":{"minecraft:wooden_axe":1},"minecraft:crafted":{"minecraft:oak_planks":12,"minecraft:crafting_table":1,"minecraft:stick":4,"minecraft:wooden_axe":2}},"DataVersion":3465}