{"stats":{"minecraft:dropped":{"alexsmobs:animal_dictionary":1},"minecraft:picked_up":{"minecraft:oak_slab":2,"minecraft:stick":4,"minecraft:crafting_table":2,"minecraft:leather":6,"minecraft:oak_log":54,"minecraft:gunpowder":2,"tombstone:grave_dust":2,"minecraft:yellow_bed":2,"minecraft:white_bed":4,"minecraft:dirt":4,"minecraft:spider_eye":1,"minecraft:string":2,"minecraft:rotten_flesh":3,"minecraft:apple":3,"minecraft:wheat_seeds":2,"minecraft:bell":1,"minecraft:beef":12,"minecraft:poppy":1,"minecraft:oak_sapling":16,"minecraft:oak_planks":1,"alexsmobs:flying_fish":6,"minecraft:cobblestone":4},"minecraft:custom":{"minecraft:time_since_rest":20829,"minecraft:sprint_one_cm":54154,"lootr:looted_stat":3,"minecraft:damage_taken":343,"minecraft:walk_one_cm":91883,"minecraft:mob_kills":16,"minecraft:drop":1,"minecraft:damage_dealt":1963,"minecraft:interact_with_cartography_table":2,"minecraft:talked_to_villager":1,"minecraft:interact_with_crafting_table":8,"minecraft:fly_one_cm":88934,"minecraft:crouch_one_cm":290,"minecraft:play_time":20829,"tombstone:undead_killed":3,"minecraft:bell_ring":22,"minecraft:sneak_time":115,"minecraft:walk_under_water_one_cm":321,"minecraft:jump":380,"minecraft:interact_with_grindstone":1,"minecraft:time_since_death":20829,"minecraft:walk_on_water_one_cm":3956,"minecraft:total_world_time":20829,"minecraft:climb_one_cm":1375,"minecraft:fall_one_cm":13221},"minecraft:mined":{"minecraft:oak_slab":2,"minecraft:white_bed":4,"minecraft:yellow_bed":2,"minecraft:crafting_table":2,"minecraft:bell":1,"minecraft:grass":53,"minecraft:grass_block":4,"minecraft:oak_log":55,"minecraft:cobblestone":4,"minecraft:oak_planks":1,"minecraft:oak_leaves":4},"minecraft:used":{"alexsmobs:flying_fish":1,"minecraft:wooden_axe":102,"minecraft:apple":5,"minecraft:bread":2,"minecraft:oak_planks":184,"alexsmobs:flying_fish_boots":1,"minecraft:wooden_pickaxe":5,"minecraft:bell":1,"minecraft:wooden_sword":28,"minecraft:oak_slab":6,"minecraft:crafting_table":3,"minecraft:white_bed":4,"minecraft:yellow_bed":2,"alexsmobs:animal_dictionary":1},"minecraft:killed":{"minecraft:zombie":3,"minecraft:spider":1,"alexsmobs:flying_fish":4,"minecraft:creeper":2,"minecraft:cow":6},"minecraft:broken":{"minecraft:wooden_axe":2},"minecraft:crafted":{"minecraft:wooden_sword":1,"minecraft:oak_slab":6,"minecraft:oak_planks":216,"minecraft:crafting_table":1,"minecraft:stick":4,"minecraft:wooden_pickaxe":1,"minecraft:wooden_axe":2,"alexsmobs:flying_fish_boots":1}},"DataVersion":3465}