{"stats":{"minecraft:dropped":{"minecraft:wheat_seeds":1,"minecraft:lapis_lazuli":18,"minecraft:feather":23,"minecraft:cobblestone":2,"minecraft:granite":7,"minecraft:coal":1,"minecraft:leather_helmet":1,"minecraft:stick":2,"minecraft:dirt":5,"tombstone:magic_scroll":2,"minecraft:smooth_stone":1,"minecraft:string":1,"minecraft:bone":15,"minecraft:stone_sword":3,"minecraft:raw_copper":38,"minecraft:tuff":2,"minecraft:birch_sapling":10,"minecraft:rotten_flesh":21,"minecraft:white_bed":5,"minecraft:oak_fence_gate":1,"minecraft:andesite":1,"minecraft:wooden_pickaxe":2,"minecraft:stone_pickaxe":2},"minecraft:custom":{"lootr:looted_stat":5,"minecraft:mob_kills":73,"minecraft:interact_with_crafting_table":31,"minecraft:leave_game":1,"minecraft:time_since_death":127237,"minecraft:climb_one_cm":1180,"minecraft:sprint_one_cm":238155,"minecraft:walk_one_cm":433337,"minecraft:damage_blocked_by_shield":450,"minecraft:drop":118,"minecraft:play_time":127237,"minecraft:sneak_time":4402,"minecraft:walk_under_water_one_cm":29311,"minecraft:jump":1309,"minecraft:walk_on_water_one_cm":20019,"minecraft:total_world_time":127237,"minecraft:interact_with_furnace":38,"minecraft:sleep_in_bed":1,"minecraft:time_since_rest":78260,"minecraft:damage_taken":2106,"minecraft:damage_dealt":10551,"minecraft:fly_one_cm":39306,"minecraft:open_chest":10,"minecraft:crouch_one_cm":13264,"tombstone:undead_killed":37,"minecraft:fall_one_cm":9680,"minecraft:horse_one_cm":12766},"minecraft:picked_up":{"minecraft:crafting_table":4,"minecraft:chicken":17,"minecraft:wooden_pickaxe":1,"minecraft:string":1,"minecraft:raw_copper":38,"biomesoplenty:tall_lavender":1,"minecraft:smooth_stone":1,"minecraft:cobbled_deepslate":31,"minecraft:beef":14,"minecraft:rose_bush":4,"minecraft:birch_sapling":24,"minecraft:egg":7,"minecraft:furnace":2,"minecraft:stick":9,"minecraft:raw_iron":119,"minecraft:torch":8,"minecraft:porkchop":5,"tombstone:grave_dust":4,"minecraft:redstone":63,"minecraft:stone_sword":2,"minecraft:arrow":10,"minecraft:rotten_flesh":22,"minecraft:peony":2,"minecraft:saddle":1,"minecraft:mutton":5,"minecraft:white_wool":3,"alexsmobs:flying_fish":1,"minecraft:cobblestone":154,"biomesoplenty:lavender":8,"minecraft:birch_log":80,"minecraft:feather":23,"minecraft:cooked_beef":4,"minecraft:andesite":1,"minecraft:leather":8,"minecraft:birch_planks":3,"minecraft:tuff":2,"minecraft:oak_log":22,"minecraft:lapis_lazuli":64,"minecraft:dirt":43,"minecraft:bone":26,"minecraft:apple":4,"minecraft:wheat_seeds":1,"minecraft:raw_gold":35,"minecraft:oak_fence_gate":1,"minecraft:stone_pickaxe":1,"minecraft:white_bed":7,"minecraft:diamond":3,"minecraft:granite":7,"minecraft:oak_sapling":2,"tombstone:magic_scroll":3,"minecraft:coal":54},"minecraft:mined":{"minecraft:white_bed":4,"minecraft:deepslate_diamond_ore":3,"minecraft:glow_lichen":2,"minecraft:granite":8,"minecraft:grass_block":45,"minecraft:smooth_stone":1,"minecraft:magma_block":1,"minecraft:redstone_ore":3,"biomesoplenty:tall_lavender":1,"minecraft:furnace":2,"minecraft:iron_ore":40,"biomesoplenty:lavender":6,"minecraft:andesite":4,"minecraft:deepslate_lapis_ore":8,"minecraft:peony":2,"minecraft:deepslate_iron_ore":79,"minecraft:stone":175,"minecraft:deepslate_redstone_ore":16,"minecraft:crafting_table":5,"minecraft:torch":3,"minecraft:rose_bush":4,"minecraft:tall_grass":1,"minecraft:copper_ore":10,"minecraft:deepslate_gold_ore":30,"minecraft:birch_planks":3,"minecraft:birch_log":81,"minecraft:grass":33,"biomesoplenty:clover":1,"minecraft:oak_log":23,"minecraft:coal_ore":42,"minecraft:oak_fence_gate":1,"minecraft:dirt":6,"minecraft:gold_ore":5,"minecraft:deepslate":34},"minecraft:used":{"minecraft:stone_sword":67,"minecraft:stone_shovel":41,"minecraft:chest":2,"minecraft:shield":16,"minecraft:iron_sword":144,"minecraft:cooked_chicken":11,"minecraft:torch":128,"minecraft:dirt":38,"minecraft:wooden_axe":132,"minecraft:birch_sapling":2,"minecraft:furnace":3,"minecraft:egg":7,"minecraft:cooked_beef":9,"minecraft:potato":22,"minecraft:cooked_mutton":2,"minecraft:birch_planks":159,"minecraft:stone_pickaxe":215,"minecraft:oak_planks":12,"minecraft:wooden_pickaxe":22,"minecraft:crafting_table":7,"minecraft:white_bed":1,"minecraft:oak_log":3,"minecraft:apple":11,"minecraft:iron_pickaxe":244,"tombstone:magic_scroll":3,"minecraft:wooden_sword":73,"alexsmobs:animal_dictionary":2},"minecraft:broken":{"minecraft:stone_pickaxe":1,"minecraft:wooden_sword":1,"minecraft:wooden_axe":2},"minecraft:killed":{"minecraft:spider":2,"minecraft:skeleton":6,"minecraft:chicken":17,"minecraft:pig":3,"minecraft:zombie_villager":1,"minecraft:sheep":3,"minecraft:zombie":30,"minecraft:cow":8},"minecraft:crafted":{"minecraft:wooden_sword":1,"minecraft:oak_planks":60,"minecraft:stone_shovel":1,"minecraft:cooked_chicken":17,"minecraft:furnace":1,"minecraft:cooked_mutton":5,"minecraft:iron_boots":1,"minecraft:stone_pickaxe":2,"minecraft:chest":2,"minecraft:cooked_beef":5,"minecraft:cooked_porkchop":5,"minecraft:crafting_table":3,"minecraft:wooden_pickaxe":1,"minecraft:iron_sword":1,"minecraft:birch_planks":232,"minecraft:iron_chestplate":1,"minecraft:charcoal":4,"minecraft:shield":1,"minecraft:stick":44,"minecraft:iron_ingot":34,"minecraft:iron_pickaxe":1,"minecraft:wooden_axe":2,"minecraft:stone_sword":1,"minecraft:gold_ingot":5,"minecraft:torch":120}},"DataVersion":3465}