{"stats":{"minecraft:dropped":{"minecraft:wheat_seeds":1,"minecraft:stone_sword":1,"minecraft:birch_sapling":10,"minecraft:cobblestone":2,"minecraft:rotten_flesh":2,"minecraft:leather_helmet":1,"minecraft:oak_fence_gate":1,"minecraft:wooden_pickaxe":2,"minecraft:smooth_stone":1},"minecraft:custom":{"minecraft:interact_with_furnace":19,"lootr:looted_stat":5,"minecraft:mob_kills":34,"minecraft:interact_with_crafting_table":12,"minecraft:leave_game":1,"minecraft:time_since_death":49237,"minecraft:sleep_in_bed":1,"minecraft:climb_one_cm":1180,"minecraft:time_since_rest":260,"minecraft:sprint_one_cm":135112,"minecraft:damage_taken":793,"minecraft:walk_one_cm":147841,"minecraft:drop":21,"minecraft:damage_dealt":2898,"minecraft:fly_one_cm":17999,"minecraft:open_chest":1,"minecraft:crouch_one_cm":1310,"tombstone:undead_killed":2,"minecraft:play_time":49237,"minecraft:sneak_time":120,"minecraft:walk_under_water_one_cm":15787,"minecraft:jump":360,"minecraft:walk_on_water_one_cm":5371,"minecraft:total_world_time":49237,"minecraft:fall_one_cm":3255,"minecraft:horse_one_cm":10212},"minecraft:picked_up":{"minecraft:birch_log":80,"minecraft:crafting_table":4,"minecraft:feather":23,"minecraft:cooked_beef":4,"minecraft:chicken":17,"minecraft:leather":8,"minecraft:wooden_pickaxe":1,"minecraft:birch_planks":1,"minecraft:oak_log":22,"minecraft:dirt":5,"minecraft:raw_copper":32,"minecraft:bone":4,"minecraft:apple":4,"minecraft:wheat_seeds":1,"minecraft:smooth_stone":1,"minecraft:oak_fence_gate":1,"minecraft:beef":14,"minecraft:rose_bush":4,"minecraft:birch_sapling":24,"minecraft:furnace":1,"minecraft:egg":7,"minecraft:stick":3,"minecraft:torch":1,"minecraft:porkchop":5,"minecraft:white_bed":4,"minecraft:stone_sword":1,"minecraft:arrow":4,"minecraft:rotten_flesh":3,"minecraft:peony":2,"minecraft:oak_sapling":2,"minecraft:mutton":5,"minecraft:coal":22,"alexsmobs:flying_fish":1,"minecraft:white_wool":3,"minecraft:cobblestone":87},"minecraft:mined":{"minecraft:white_bed":4,"minecraft:crafting_table":4,"minecraft:glow_lichen":1,"minecraft:grass_block":8,"minecraft:rose_bush":4,"minecraft:copper_ore":10,"minecraft:tall_grass":1,"minecraft:smooth_stone":1,"minecraft:birch_planks":1,"minecraft:furnace":1,"minecraft:birch_log":81,"minecraft:peony":2,"minecraft:grass":15,"biomesoplenty:clover":1,"minecraft:coal_ore":22,"minecraft:oak_log":23,"minecraft:oak_fence_gate":1,"minecraft:dirt":5,"minecraft:stone":88},"minecraft:used":{"minecraft:stone_sword":28,"minecraft:birch_planks":76,"minecraft:stone_pickaxe":113,"minecraft:wooden_pickaxe":22,"minecraft:cooked_chicken":6,"minecraft:torch":10,"minecraft:crafting_table":4,"minecraft:white_bed":1,"minecraft:wooden_axe":132,"minecraft:apple":11,"minecraft:birch_sapling":2,"minecraft:wooden_sword":73,"minecraft:furnace":1,"alexsmobs:animal_dictionary":1,"minecraft:egg":7},"minecraft:broken":{"minecraft:wooden_sword":1,"minecraft:wooden_axe":2},"minecraft:killed":{"minecraft:pig":3,"minecraft:zombie_villager":1,"minecraft:skeleton":1,"minecraft:sheep":3,"minecraft:chicken":17,"minecraft:cow":8},"minecraft:crafted":{"minecraft:wooden_sword":1,"minecraft:crafting_table":1,"minecraft:wooden_pickaxe":1,"minecraft:cooked_chicken":17,"minecraft:furnace":1,"minecraft:birch_planks":232,"minecraft:charcoal":4,"minecraft:stick":12,"minecraft:stone_pickaxe":1,"minecraft:wooden_axe":2,"minecraft:stone_sword":1,"minecraft:torch":20}},"DataVersion":3465}