{"stats":{"minecraft:dropped":{"minecraft:wheat_seeds":1,"minecraft:stone_sword":1,"minecraft:birch_sapling":10,"minecraft:cobblestone":2,"minecraft:rotten_flesh":2,"minecraft:leather_helmet":1,"minecraft:dirt":5,"minecraft:oak_fence_gate":1,"minecraft:wooden_pickaxe":2,"minecraft:smooth_stone":1},"minecraft:custom":{"minecraft:interact_with_furnace":20,"lootr:looted_stat":5,"minecraft:mob_kills":42,"minecraft:interact_with_crafting_table":14,"minecraft:leave_game":1,"minecraft:time_since_death":61237,"minecraft:sleep_in_bed":1,"minecraft:climb_one_cm":1180,"minecraft:time_since_rest":12260,"minecraft:sprint_one_cm":147676,"minecraft:damage_taken":1254,"minecraft:walk_one_cm":193544,"minecraft:drop":22,"minecraft:damage_dealt":4407,"minecraft:fly_one_cm":19778,"minecraft:open_chest":1,"minecraft:crouch_one_cm":3601,"tombstone:undead_killed":10,"minecraft:play_time":61237,"minecraft:sneak_time":1214,"minecraft:walk_under_water_one_cm":20002,"minecraft:jump":432,"minecraft:walk_on_water_one_cm":5637,"minecraft:total_world_time":61237,"minecraft:fall_one_cm":3615,"minecraft:horse_one_cm":11303},"minecraft:picked_up":{"minecraft:birch_log":80,"minecraft:crafting_table":4,"minecraft:feather":23,"minecraft:cooked_beef":4,"minecraft:chicken":17,"minecraft:leather":8,"minecraft:wooden_pickaxe":1,"minecraft:birch_planks":1,"minecraft:oak_log":22,"minecraft:dirt":5,"minecraft:raw_copper":38,"minecraft:bone":4,"minecraft:apple":4,"minecraft:wheat_seeds":1,"minecraft:smooth_stone":1,"minecraft:oak_fence_gate":1,"minecraft:beef":14,"minecraft:rose_bush":4,"minecraft:birch_sapling":24,"minecraft:furnace":1,"minecraft:egg":7,"minecraft:raw_iron":7,"minecraft:stick":3,"minecraft:torch":2,"minecraft:porkchop":5,"tombstone:grave_dust":2,"minecraft:white_bed":4,"minecraft:stone_sword":1,"minecraft:arrow":4,"minecraft:rotten_flesh":11,"minecraft:peony":2,"minecraft:oak_sapling":2,"minecraft:mutton":5,"minecraft:coal":38,"alexsmobs:flying_fish":1,"minecraft:white_wool":3,"minecraft:cobblestone":116},"minecraft:mined":{"minecraft:white_bed":4,"minecraft:crafting_table":5,"minecraft:glow_lichen":1,"minecraft:grass_block":8,"minecraft:rose_bush":4,"minecraft:copper_ore":10,"minecraft:tall_grass":1,"minecraft:smooth_stone":1,"minecraft:birch_planks":1,"minecraft:magma_block":1,"minecraft:furnace":1,"minecraft:iron_ore":7,"minecraft:birch_log":81,"minecraft:andesite":1,"minecraft:peony":2,"minecraft:grass":15,"biomesoplenty:clover":1,"minecraft:coal_ore":38,"minecraft:oak_log":23,"minecraft:oak_fence_gate":1,"minecraft:dirt":5,"minecraft:stone":134},"minecraft:used":{"minecraft:stone_sword":67,"minecraft:birch_planks":78,"minecraft:stone_pickaxe":185,"minecraft:wooden_pickaxe":22,"minecraft:cooked_chicken":11,"minecraft:torch":20,"minecraft:crafting_table":5,"minecraft:white_bed":1,"minecraft:wooden_axe":132,"minecraft:apple":11,"minecraft:birch_sapling":2,"minecraft:wooden_sword":73,"minecraft:furnace":2,"alexsmobs:animal_dictionary":1,"minecraft:egg":7,"minecraft:potato":15},"minecraft:killed":{"minecraft:pig":3,"minecraft:zombie_villager":1,"minecraft:skeleton":2,"minecraft:sheep":3,"minecraft:zombie":7,"minecraft:chicken":17,"minecraft:cow":8},"minecraft:broken":{"minecraft:stone_pickaxe":1,"minecraft:wooden_sword":1,"minecraft:wooden_axe":2},"minecraft:crafted":{"minecraft:wooden_sword":1,"minecraft:crafting_table":1,"minecraft:wooden_pickaxe":1,"minecraft:cooked_chicken":17,"minecraft:furnace":1,"minecraft:birch_planks":232,"minecraft:charcoal":4,"minecraft:stick":16,"minecraft:stone_pickaxe":2,"minecraft:wooden_axe":2,"minecraft:stone_sword":1,"minecraft:torch":20}},"DataVersion":3465}