{"stats":{"minecraft:picked_up":{"minecraft:crafting_table":4,"minecraft:chicken":18,"croptopia:peach":3,"minecraft:wooden_pickaxe":1,"biomesoplenty:jacaranda_sapling":52,"minecraft:string":3,"minecraft:raw_copper":38,"biomesoplenty:tall_lavender":6,"minecraft:gold_nugget":2,"minecraft:smooth_stone":1,"minecraft:cobbled_deepslate":62,"minecraft:beef":14,"minecraft:rose_bush":4,"minecraft:light_gray_wool":1,"minecraft:chest":1,"minecraft:birch_sapling":24,"minecraft:furnace":2,"minecraft:egg":7,"minecraft:stick":46,"minecraft:raw_iron":204,"minecraft:torch":8,"minecraft:porkchop":6,"tombstone:grave_dust":8,"minecraft:redstone":127,"minecraft:stone_sword":2,"minecraft:stone_shovel":1,"minecraft:arrow":20,"minecraft:rotten_flesh":31,"biomesoplenty:jacaranda_log":176,"minecraft:peony":2,"minecraft:gold_ingot":5,"minecraft:saddle":2,"minecraft:mutton":8,"minecraft:white_wool":7,"alexsmobs:flying_fish":2,"minecraft:cobblestone":199,"biomesoplenty:lavender":12,"minecraft:birch_log":96,"minecraft:feather":24,"minecraft:cooked_beef":4,"minecraft:andesite":1,"minecraft:leather":16,"minecraft:birch_planks":10,"minecraft:tuff":2,"minecraft:oak_log":44,"biomesoplenty:jacaranda_planks":22,"minecraft:gunpowder":1,"minecraft:lapis_lazuli":110,"minecraft:dirt":406,"minecraft:bone":37,"minecraft:apple":4,"minecraft:wheat_seeds":19,"minecraft:raw_gold":65,"minecraft:iron_ingot":16,"minecraft:oak_fence_gate":1,"minecraft:stone_pickaxe":1,"minecraft:book":1,"minecraft:dandelion":1,"minecraft:sand":82,"minecraft:white_bed":8,"alexsmobs:animal_dictionary":1,"travelersbackpack:standard":1,"minecraft:bundle":1,"minecraft:diamond":6,"minecraft:granite":7,"minecraft:bone_meal":69,"minecraft:emerald":1,"tombstone:magic_scroll":4,"minecraft:oak_sapling":5,"minecraft:coal":56},"minecraft:dropped":{"biomesoplenty:jacaranda_sapling":1,"minecraft:wheat_seeds":4,"minecraft:lapis_lazuli":18,"biomesoplenty:lavender":12,"minecraft:feather":23,"minecraft:cobblestone":4,"minecraft:granite":7,"travelersbackpack:standard":1,"minecraft:coal":1,"minecraft:leather_helmet":1,"minecraft:stick":2,"minecraft:dirt":104,"tombstone:magic_scroll":2,"minecraft:smooth_stone":1,"minecraft:string":1,"minecraft:dandelion":1,"minecraft:bone":15,"minecraft:stone_sword":3,"minecraft:raw_copper":38,"minecraft:tuff":2,"minecraft:birch_sapling":10,"minecraft:stone_shovel":1,"minecraft:rotten_flesh":30,"minecraft:light_gray_wool":1,"minecraft:white_bed":5,"minecraft:oak_fence_gate":1,"minecraft:andesite":1,"minecraft:oak_sapling":3,"minecraft:wooden_pickaxe":2,"minecraft:stone_pickaxe":2,"biomesoplenty:tall_lavender":6},"minecraft:custom":{"lootr:looted_stat":5,"minecraft:mob_kills":84,"minecraft:interact_with_crafting_table":65,"minecraft:leave_game":1,"minecraft:time_since_death":201353,"minecraft:climb_one_cm":1180,"minecraft:sprint_one_cm":357629,"minecraft:walk_one_cm":705478,"minecraft:damage_blocked_by_shield":480,"minecraft:drop":133,"minecraft:play_time":201353,"minecraft:sneak_time":4730,"minecraft:walk_under_water_one_cm":33768,"minecraft:jump":1622,"minecraft:walk_on_water_one_cm":30259,"minecraft:total_world_time":201353,"minecraft:interact_with_furnace":66,"minecraft:sleep_in_bed":2,"minecraft:time_since_rest":21526,"minecraft:damage_taken":2473,"minecraft:damage_dealt":12735,"minecraft:fly_one_cm":49582,"minecraft:open_chest":93,"minecraft:crouch_one_cm":14305,"tombstone:undead_killed":42,"minecraft:fall_one_cm":12763,"minecraft:horse_one_cm":12766},"minecraft:broken":{"minecraft:stone_pickaxe":1,"minecraft:wooden_sword":1,"minecraft:stone_axe":1,"minecraft:wooden_axe":4,"minecraft:stone_shovel":3},"minecraft:mined":{"minecraft:white_bed":4,"minecraft:deepslate_diamond_ore":3,"minecraft:glow_lichen":2,"minecraft:granite":8,"minecraft:grass_block":265,"minecraft:smooth_stone":1,"minecraft:magma_block":1,"biomesoplenty:jacaranda_log":201,"minecraft:redstone_ore":3,"biomesoplenty:tall_lavender":4,"minecraft:furnace":2,"minecraft:iron_ore":40,"biomesoplenty:lavender":8,"minecraft:andesite":4,"minecraft:deepslate_lapis_ore":8,"minecraft:peony":2,"minecraft:deepslate_iron_ore":79,"minecraft:stone":175,"biomesoplenty:jacaranda_leaves":9,"minecraft:deepslate_redstone_ore":16,"biomesoplenty:jacaranda_planks":17,"minecraft:dandelion":1,"minecraft:crafting_table":5,"minecraft:torch":3,"minecraft:chest":1,"minecraft:rose_bush":4,"minecraft:glass":1,"minecraft:copper_ore":10,"minecraft:tall_grass":5,"minecraft:deepslate_gold_ore":30,"minecraft:birch_planks":3,"minecraft:birch_log":81,"minecraft:grass":88,"biomesoplenty:clover":1,"minecraft:oak_log":48,"minecraft:coal_ore":42,"minecraft:oak_fence_gate":1,"minecraft:sand":82,"minecraft:dirt":88,"minecraft:gold_ore":5,"minecraft:deepslate":34},"minecraft:used":{"minecraft:stone_sword":67,"minecraft:stone_shovel":433,"minecraft:chest":8,"minecraft:shield":18,"minecraft:iron_sword":202,"minecraft:cooked_chicken":11,"minecraft:torch":128,"minecraft:dirt":278,"minecraft:glass":21,"minecraft:wooden_axe":254,"minecraft:birch_sapling":2,"biomesoplenty:jacaranda_log":3,"biomesoplenty:jacaranda_sapling":15,"minecraft:furnace":4,"minecraft:egg":7,"minecraft:cooked_beef":9,"minecraft:potato":22,"minecraft:cooked_mutton":5,"biomesoplenty:jacaranda_door":2,"minecraft:birch_planks":159,"minecraft:stone_pickaxe":215,"minecraft:oak_planks":12,"minecraft:wooden_pickaxe":22,"minecraft:crafting_table":8,"minecraft:white_bed":2,"biomesoplenty:jacaranda_planks":458,"minecraft:oak_log":3,"minecraft:apple":11,"minecraft:bread":3,"minecraft:iron_pickaxe":244,"tombstone:magic_scroll":3,"minecraft:stone_axe":144,"minecraft:wooden_sword":73,"travelersbackpack:standard":2,"minecraft:cooked_porkchop":3,"alexsmobs:animal_dictionary":2,"minecraft:bone_meal":5},"minecraft:killed":{"minecraft:spider":3,"minecraft:skeleton":6,"minecraft:chicken":18,"minecraft:pig":4,"minecraft:zombie_villager":1,"minecraft:sheep":5,"minecraft:zombie":35,"minecraft:cow":8},"minecraft:crafted":{"minecraft:wooden_sword":1,"minecraft:oak_planks":88,"minecraft:stone_shovel":3,"comforts:sleeping_bag_white":1,"minecraft:cooked_chicken":17,"minecraft:furnace":2,"minecraft:bone_meal":33,"minecraft:cooked_mutton":8,"minecraft:glass":57,"minecraft:iron_boots":1,"minecraft:stone_pickaxe":2,"minecraft:chest":8,"biomesoplenty:jacaranda_door":3,"minecraft:cooked_beef":5,"biomesoplenty:jacaranda_planks":488,"minecraft:cooked_porkchop":5,"minecraft:crafting_table":4,"travelersbackpack:backpack_tank":2,"travelersbackpack:standard":1,"minecraft:wooden_pickaxe":1,"minecraft:iron_sword":1,"minecraft:birch_planks":232,"minecraft:stone_axe":1,"minecraft:iron_chestplate":1,"minecraft:charcoal":14,"minecraft:shield":1,"minecraft:stick":48,"minecraft:iron_ingot":34,"minecraft:iron_pickaxe":1,"minecraft:wooden_axe":4,"minecraft:stone_sword":1,"minecraft:gold_ingot":5,"minecraft:torch":120}},"DataVersion":3465}