{"stats":{"minecraft:dropped":{"minecraft:birch_sapling":10},"minecraft:custom":{"minecraft:time_since_rest":13237,"lootr:looted_stat":2,"minecraft:sprint_one_cm":55422,"minecraft:damage_taken":300,"minecraft:walk_one_cm":53029,"minecraft:mob_kills":3,"minecraft:drop":10,"minecraft:damage_dealt":641,"minecraft:fly_one_cm":5870,"minecraft:interact_with_crafting_table":7,"minecraft:open_chest":1,"minecraft:crouch_one_cm":518,"minecraft:play_time":13237,"tombstone:undead_killed":1,"minecraft:sneak_time":53,"minecraft:jump":82,"minecraft:leave_game":1,"minecraft:time_since_death":13237,"minecraft:walk_on_water_one_cm":474,"minecraft:total_world_time":13237,"minecraft:climb_one_cm":788,"minecraft:fall_one_cm":1088},"minecraft:picked_up":{"minecraft:birch_log":80,"minecraft:stick":3,"minecraft:crafting_table":1,"minecraft:feather":2,"minecraft:chicken":1,"minecraft:porkchop":2,"minecraft:oak_log":22,"minecraft:white_bed":3,"minecraft:arrow":2,"minecraft:bone":2,"minecraft:rotten_flesh":1,"minecraft:apple":4,"minecraft:peony":2,"minecraft:oak_fence_gate":1,"minecraft:rose_bush":4,"minecraft:oak_sapling":2,"minecraft:birch_sapling":24},"minecraft:mined":{"minecraft:white_bed":3,"minecraft:birch_log":81,"minecraft:crafting_table":1,"minecraft:peony":2,"minecraft:grass":4,"minecraft:oak_log":23,"minecraft:oak_fence_gate":1,"minecraft:rose_bush":4},"minecraft:used":{"minecraft:wooden_axe":132,"minecraft:apple":7,"minecraft:birch_sapling":2,"minecraft:wooden_sword":20,"minecraft:crafting_table":1,"alexsmobs:animal_dictionary":1},"minecraft:killed":{"minecraft:pig":1,"minecraft:zombie_villager":1,"minecraft:chicken":1},"minecraft:broken":{"minecraft:wooden_axe":2},"minecraft:crafted":{"minecraft:wooden_sword":1,"minecraft:crafting_table":1,"minecraft:stick":12,"minecraft:wooden_pickaxe":1,"minecraft:wooden_axe":2,"minecraft:birch_planks":232}},"DataVersion":3465}