{"stats":{"minecraft:dropped":{"minecraft:wheat_seeds":1,"minecraft:lapis_lazuli":18,"minecraft:stone_sword":3,"minecraft:raw_copper":38,"minecraft:birch_sapling":10,"minecraft:feather":23,"minecraft:cobblestone":2,"minecraft:rotten_flesh":20,"minecraft:granite":7,"minecraft:white_bed":3,"minecraft:leather_helmet":1,"minecraft:dirt":5,"minecraft:oak_fence_gate":1,"minecraft:andesite":1,"minecraft:stone_pickaxe":2,"minecraft:wooden_pickaxe":2,"minecraft:smooth_stone":1,"minecraft:bone":4},"minecraft:custom":{"minecraft:interact_with_furnace":38,"lootr:looted_stat":5,"minecraft:mob_kills":68,"minecraft:interact_with_crafting_table":25,"minecraft:leave_game":1,"minecraft:time_since_death":103237,"minecraft:sleep_in_bed":1,"minecraft:climb_one_cm":1180,"minecraft:time_since_rest":54260,"minecraft:sprint_one_cm":208118,"minecraft:damage_taken":1796,"minecraft:walk_one_cm":342648,"minecraft:damage_blocked_by_shield":450,"minecraft:drop":107,"minecraft:damage_dealt":9363,"minecraft:fly_one_cm":31777,"minecraft:open_chest":1,"minecraft:crouch_one_cm":8461,"tombstone:undead_killed":33,"minecraft:play_time":103237,"minecraft:sneak_time":3121,"minecraft:walk_under_water_one_cm":20002,"minecraft:jump":820,"minecraft:walk_on_water_one_cm":6420,"minecraft:total_world_time":103237,"minecraft:fall_one_cm":5715,"minecraft:horse_one_cm":11303},"minecraft:picked_up":{"minecraft:birch_log":80,"minecraft:crafting_table":4,"minecraft:feather":23,"minecraft:cooked_beef":4,"minecraft:chicken":17,"minecraft:andesite":1,"minecraft:leather":8,"minecraft:wooden_pickaxe":1,"minecraft:birch_planks":3,"minecraft:oak_log":22,"minecraft:lapis_lazuli":46,"minecraft:dirt":5,"minecraft:raw_copper":38,"minecraft:bone":15,"minecraft:apple":4,"minecraft:wheat_seeds":1,"minecraft:cobbled_deepslate":11,"minecraft:smooth_stone":1,"minecraft:raw_gold":21,"minecraft:stone_pickaxe":1,"minecraft:oak_fence_gate":1,"minecraft:beef":14,"minecraft:rose_bush":4,"minecraft:birch_sapling":24,"minecraft:furnace":2,"minecraft:egg":7,"minecraft:raw_iron":81,"minecraft:stick":7,"minecraft:torch":5,"minecraft:porkchop":5,"tombstone:grave_dust":4,"minecraft:white_bed":6,"minecraft:redstone":63,"minecraft:stone_sword":2,"minecraft:arrow":10,"minecraft:rotten_flesh":21,"minecraft:diamond":3,"minecraft:peony":2,"minecraft:granite":7,"minecraft:oak_sapling":2,"minecraft:mutton":5,"minecraft:coal":49,"alexsmobs:flying_fish":1,"minecraft:white_wool":3,"minecraft:cobblestone":151},"minecraft:mined":{"minecraft:deepslate_redstone_ore":16,"minecraft:white_bed":4,"minecraft:deepslate_diamond_ore":3,"minecraft:crafting_table":5,"minecraft:glow_lichen":2,"minecraft:granite":8,"minecraft:grass_block":8,"minecraft:rose_bush":4,"minecraft:copper_ore":10,"minecraft:tall_grass":1,"minecraft:deepslate_gold_ore":16,"minecraft:smooth_stone":1,"minecraft:birch_planks":3,"minecraft:magma_block":1,"minecraft:furnace":2,"minecraft:iron_ore":40,"minecraft:birch_log":81,"minecraft:andesite":4,"minecraft:deepslate_lapis_ore":5,"minecraft:peony":2,"minecraft:grass":15,"biomesoplenty:clover":1,"minecraft:coal_ore":38,"minecraft:oak_log":23,"minecraft:deepslate_iron_ore":41,"minecraft:oak_fence_gate":1,"minecraft:dirt":5,"minecraft:stone":172,"minecraft:gold_ore":5,"minecraft:deepslate":16},"minecraft:used":{"minecraft:stone_sword":67,"minecraft:birch_planks":108,"minecraft:stone_pickaxe":215,"minecraft:shield":16,"minecraft:wooden_pickaxe":22,"minecraft:iron_sword":117,"minecraft:cooked_chicken":11,"minecraft:torch":114,"minecraft:crafting_table":6,"minecraft:white_bed":1,"minecraft:oak_log":3,"minecraft:wooden_axe":132,"minecraft:apple":11,"minecraft:birch_sapling":2,"minecraft:iron_pickaxe":158,"minecraft:wooden_sword":73,"minecraft:furnace":2,"alexsmobs:animal_dictionary":1,"minecraft:egg":7,"minecraft:cooked_beef":7,"minecraft:potato":22},"minecraft:killed":{"minecraft:pig":3,"minecraft:zombie_villager":1,"minecraft:spider":1,"minecraft:skeleton":6,"minecraft:sheep":3,"minecraft:zombie":26,"minecraft:chicken":17,"minecraft:cow":8},"minecraft:broken":{"minecraft:stone_pickaxe":1,"minecraft:wooden_sword":1,"minecraft:wooden_axe":2},"minecraft:crafted":{"minecraft:cooked_beef":5,"minecraft:wooden_sword":1,"minecraft:cooked_porkchop":5,"minecraft:crafting_table":2,"minecraft:wooden_pickaxe":1,"minecraft:cooked_chicken":17,"minecraft:iron_sword":1,"minecraft:furnace":1,"minecraft:birch_planks":232,"minecraft:cooked_mutton":5,"minecraft:iron_chestplate":1,"minecraft:iron_boots":1,"minecraft:charcoal":4,"minecraft:shield":1,"minecraft:stick":44,"minecraft:iron_ingot":34,"minecraft:iron_pickaxe":1,"minecraft:stone_pickaxe":2,"minecraft:wooden_axe":2,"minecraft:stone_sword":1,"minecraft:gold_ingot":5,"minecraft:torch":120}},"DataVersion":3465}