{"stats":{"minecraft:dropped":{"minecraft:oak_fence_gate":1,"minecraft:birch_sapling":10,"minecraft:cobblestone":2,"minecraft:wooden_pickaxe":2,"minecraft:smooth_stone":1},"minecraft:custom":{"minecraft:time_since_rest":25237,"lootr:looted_stat":5,"minecraft:sprint_one_cm":115255,"minecraft:damage_taken":300,"minecraft:walk_one_cm":102333,"minecraft:mob_kills":29,"minecraft:drop":16,"minecraft:damage_dealt":2361,"minecraft:fly_one_cm":14631,"minecraft:interact_with_crafting_table":10,"minecraft:open_chest":1,"minecraft:crouch_one_cm":581,"minecraft:play_time":25237,"tombstone:undead_killed":1,"minecraft:sneak_time":58,"minecraft:jump":202,"minecraft:leave_game":1,"minecraft:time_since_death":25237,"minecraft:walk_on_water_one_cm":845,"minecraft:total_world_time":25237,"minecraft:climb_one_cm":1180,"minecraft:fall_one_cm":1357},"minecraft:picked_up":{"minecraft:birch_log":80,"minecraft:stick":3,"minecraft:crafting_table":3,"minecraft:feather":22,"minecraft:chicken":16,"minecraft:leather":6,"minecraft:wooden_pickaxe":1,"minecraft:porkchop":3,"minecraft:oak_log":22,"minecraft:white_bed":3,"minecraft:arrow":4,"minecraft:bone":2,"minecraft:rotten_flesh":2,"minecraft:apple":4,"minecraft:wheat_seeds":1,"minecraft:peony":2,"minecraft:smooth_stone":1,"minecraft:beef":8,"minecraft:oak_fence_gate":1,"minecraft:rose_bush":4,"minecraft:oak_sapling":2,"minecraft:mutton":5,"minecraft:birch_sapling":24,"minecraft:white_wool":3,"alexsmobs:flying_fish":1,"minecraft:cobblestone":69,"minecraft:egg":6},"minecraft:mined":{"minecraft:smooth_stone":1,"minecraft:white_bed":3,"minecraft:birch_log":81,"minecraft:crafting_table":3,"minecraft:peony":2,"minecraft:grass":10,"minecraft:oak_log":23,"minecraft:oak_fence_gate":1,"minecraft:rose_bush":4,"minecraft:stone":70},"minecraft:used":{"minecraft:wooden_axe":132,"minecraft:stone_sword":1,"minecraft:apple":11,"minecraft:stone_pickaxe":50,"minecraft:birch_sapling":2,"minecraft:wooden_pickaxe":22,"minecraft:wooden_sword":73,"minecraft:crafting_table":3,"alexsmobs:animal_dictionary":1},"minecraft:broken":{"minecraft:wooden_axe":2,"minecraft:wooden_sword":1},"minecraft:killed":{"minecraft:sheep":3,"minecraft:pig":2,"minecraft:zombie_villager":1,"minecraft:chicken":16,"minecraft:cow":7},"minecraft:crafted":{"minecraft:wooden_sword":1,"minecraft:crafting_table":1,"minecraft:stick":12,"minecraft:wooden_pickaxe":1,"minecraft:stone_pickaxe":1,"minecraft:wooden_axe":2,"minecraft:stone_sword":1,"minecraft:birch_planks":232}},"DataVersion":3465}