{"stats":{"minecraft:dropped":{"alexsmobs:animal_dictionary":1,"minecraft:stick":2,"minecraft:oak_sapling":3,"minecraft:dandelion":1},"minecraft:custom":{"minecraft:interact_with_furnace":5,"lootr:looted_stat":2,"minecraft:mob_kills":37,"minecraft:interact_with_crafting_table":11,"minecraft:time_since_death":48654,"minecraft:sleep_in_bed":3,"minecraft:time_since_rest":26406,"minecraft:sprint_one_cm":132729,"minecraft:damage_taken":1005,"minecraft:walk_one_cm":80080,"minecraft:damage_blocked_by_shield":365,"minecraft:drop":4,"minecraft:damage_dealt":3937,"minecraft:talked_to_villager":2,"minecraft:swim_one_cm":24681,"minecraft:fly_one_cm":136972,"minecraft:open_chest":9,"minecraft:crouch_one_cm":633,"minecraft:play_time":48654,"tombstone:undead_killed":7,"minecraft:sneak_time":313,"minecraft:walk_under_water_one_cm":4103,"minecraft:jump":743,"minecraft:walk_on_water_one_cm":2435,"minecraft:total_world_time":48654,"minecraft:fall_one_cm":20184},"minecraft:picked_up":{"biomesoplenty:lavender":1,"minecraft:crafting_table":2,"minecraft:wheat":4,"minecraft:feather":10,"minecraft:azure_bluet":1,"minecraft:chicken":7,"croptopia:peach":17,"minecraft:andesite":13,"gobber2:gobber2_gooey_beefstew":2,"minecraft:potato":3,"minecraft:oak_log":39,"minecraft:yellow_bed":1,"minecraft:lapis_lazuli":42,"minecraft:string":3,"minecraft:dirt":2,"minecraft:bone":1,"minecraft:apple":35,"minecraft:wheat_seeds":24,"minecraft:cobbled_deepslate":87,"minecraft:poppy":6,"minecraft:sugar_cane":6,"minecraft:egg":3,"minecraft:stick":8,"minecraft:raw_iron":63,"minecraft:oak_door":1,"minecraft:torch":4,"minecraft:dandelion":2,"minecraft:gravel":8,"minecraft:porkchop":13,"minecraft:sand":1,"minecraft:diorite":18,"minecraft:carrot":17,"minecraft:redstone":54,"minecraft:arrow":2,"minecraft:rotten_flesh":4,"minecraft:diamond":11,"minecraft:granite":37,"minecraft:gray_wool":2,"minecraft:bread":2,"minecraft:oak_sapling":12,"minecraft:mutton":10,"minecraft:coal":57,"alexsmobs:flying_fish":1,"minecraft:white_wool":6,"minecraft:cobblestone":174},"minecraft:mined":{"minecraft:deepslate_redstone_ore":6,"minecraft:deepslate_diamond_ore":11,"minecraft:oak_door":1,"minecraft:dandelion":1,"minecraft:crafting_table":2,"minecraft:torch":1,"minecraft:granite":37,"minecraft:grass_block":1,"minecraft:poppy":5,"gobber2:gobber2_lucky_block":2,"minecraft:tall_grass":1,"minecraft:cobblestone":15,"minecraft:lapis_ore":6,"biomesoplenty:huge_clover_petal":1,"minecraft:oak_planks":1,"minecraft:sugar_cane":2,"minecraft:diorite":18,"minecraft:wall_torch":1,"minecraft:seagrass":1,"minecraft:tall_seagrass":1,"minecraft:redstone_ore":6,"minecraft:carrots":9,"minecraft:iron_ore":43,"minecraft:wheat":15,"biomesoplenty:lavender":1,"minecraft:andesite":9,"minecraft:birch_leaves":1,"minecraft:yellow_bed":1,"minecraft:azure_bluet":1,"biomesoplenty:sea_oats":1,"minecraft:grass":18,"minecraft:coal_ore":58,"minecraft:potatoes":3,"minecraft:oak_log":39,"minecraft:deepslate_iron_ore":19,"minecraft:gravel":6,"minecraft:sand":1,"minecraft:dirt":1,"minecraft:stone":153,"minecraft:deepslate":88,"minecraft:oak_leaves":5},"minecraft:used":{"minecraft:stone_sword":62,"minecraft:stone_pickaxe":131,"minecraft:shield":11,"minecraft:chest":2,"minecraft:wooden_pickaxe":25,"minecraft:oak_door":3,"minecraft:torch":14,"minecraft:dirt":2,"minecraft:sand":1,"minecraft:crafting_table":2,"minecraft:apple":3,"gobber2:gobber2_gooey_beefstew":2,"minecraft:iron_axe":3,"minecraft:iron_pickaxe":334,"minecraft:bread":14,"minecraft:stone_axe":78,"minecraft:cobblestone":23,"minecraft:furnace":2,"minecraft:andesite":3,"minecraft:yellow_bed":1,"minecraft:cobbled_deepslate":11},"minecraft:killed":{"minecraft:pig":8,"minecraft:zombie_villager":1,"minecraft:spider":3,"minecraft:skeleton":2,"minecraft:sheep":8,"minecraft:zombie":4,"minecraft:chicken":7,"blockling_world:grassblockling":1,"alexsmobs:flying_fish":1},"minecraft:broken":{"minecraft:stone_pickaxe":1,"minecraft:iron_pickaxe":1},"minecraft:crafted":{"minecraft:oak_door":3,"minecraft:oak_planks":156,"minecraft:wooden_pickaxe":1,"minecraft:furnace":2,"minecraft:stone_axe":1,"minecraft:air":0,"minecraft:shield":1,"minecraft:iron_axe":1,"minecraft:stick":12,"minecraft:iron_ingot":13,"minecraft:iron_pickaxe":2,"minecraft:stone_pickaxe":1,"minecraft:chest":2,"minecraft:stone_sword":1,"minecraft:torch":12}},"DataVersion":3465}