{"stats":{"minecraft:dropped":{"minecraft:wheat_seeds":2,"minecraft:apple":1,"minecraft:stick":2,"minecraft:string":1,"minecraft:dandelion":1,"alexsmobs:animal_dictionary":1,"minecraft:oak_sapling":4,"minecraft:spider_eye":1,"minecraft:arrow":1},"minecraft:custom":{"lootr:looted_stat":3,"minecraft:mob_kills":100,"minecraft:interact_with_crafting_table":27,"minecraft:time_since_death":82699,"minecraft:sprint_one_cm":330648,"minecraft:walk_one_cm":232315,"minecraft:damage_blocked_by_shield":1345,"minecraft:drop":10,"minecraft:talked_to_villager":2,"minecraft:play_time":138654,"minecraft:deaths":1,"minecraft:sneak_time":7633,"minecraft:walk_under_water_one_cm":17566,"minecraft:jump":2500,"minecraft:walk_on_water_one_cm":23935,"minecraft:total_world_time":138654,"minecraft:interact_with_furnace":48,"tombstone:raider_killed":10,"minecraft:raid_trigger":1,"minecraft:sleep_in_bed":5,"minecraft:time_since_rest":40046,"minecraft:damage_taken":2420,"minecraft:damage_dealt":14570,"minecraft:swim_one_cm":28459,"minecraft:fly_one_cm":375420,"minecraft:open_chest":50,"minecraft:crouch_one_cm":21497,"tombstone:undead_killed":40,"minecraft:fall_one_cm":63845},"minecraft:picked_up":{"minecraft:crafting_table":5,"minecraft:wheat":4,"minecraft:azure_bluet":1,"minecraft:chicken":8,"croptopia:peach":17,"croptopia:grape_seed":1,"blockling_world:rubyore":12,"minecraft:string":4,"minecraft:white_carpet":2,"minecraft:cobbled_deepslate":616,"minecraft:beef":7,"minecraft:poppy":6,"minecraft:sugar_cane":6,"minecraft:egg":5,"minecraft:furnace":1,"minecraft:raw_iron":83,"minecraft:stick":11,"minecraft:oak_door":2,"minecraft:torch":8,"minecraft:porkchop":14,"tombstone:grave_dust":7,"minecraft:diorite":25,"minecraft:carrot":17,"minecraft:redstone":89,"croptopia:grape":1,"minecraft:arrow":8,"minecraft:rotten_flesh":29,"minecraft:mutton":20,"minecraft:white_wool":11,"alexsmobs:flying_fish":1,"minecraft:cobblestone":468,"biomesoplenty:lavender":1,"minecraft:feather":18,"minecraft:golden_carrot":1,"minecraft:andesite":40,"gobber2:gobber2_gooey_beefstew":2,"minecraft:leather":4,"croptopia:glowing_calamari":1,"minecraft:potato":3,"minecraft:flint":2,"minecraft:tuff":64,"minecraft:oak_log":57,"minecraft:yellow_bed":1,"minecraft:lapis_lazuli":79,"minecraft:dirt":3,"minecraft:white_banner":3,"minecraft:bone":5,"minecraft:apple":37,"minecraft:bow":1,"gobber2:gobber2_gooey_beef":3,"minecraft:wheat_seeds":27,"minecraft:raw_gold":27,"gobber2:gobber2_gooey_bread":2,"croptopia:plum":8,"croptopia:starfruit":2,"minecraft:dandelion":2,"minecraft:gravel":27,"minecraft:sand":25,"minecraft:spider_eye":1,"biomesoplenty:flowering_oak_sapling":1,"minecraft:bundle":1,"minecraft:diamond":104,"minecraft:crossbow":1,"minecraft:granite":47,"minecraft:gray_wool":2,"minecraft:bread":2,"minecraft:oak_sapling":15,"minecraft:black_wool":2,"minecraft:coal":98,"gobber2:gobber2_goo":2},"minecraft:mined":{"minecraft:tuff":70,"blockling_world:rubyore":12,"minecraft:deepslate_diamond_ore":104,"minecraft:oak_door":2,"minecraft:granite":47,"minecraft:grass_block":1,"gobber2:gobber2_lucky_block":3,"minecraft:tall_seagrass":1,"minecraft:redstone_ore":6,"minecraft:furnace":1,"minecraft:carrots":9,"minecraft:iron_ore":57,"minecraft:cobbled_deepslate":9,"biomesoplenty:lavender":1,"minecraft:andesite":34,"minecraft:deepslate_lapis_ore":5,"minecraft:azure_bluet":2,"biomesoplenty:sea_oats":1,"minecraft:potatoes":3,"minecraft:deepslate_iron_ore":25,"minecraft:stone":433,"minecraft:deepslate_redstone_ore":14,"minecraft:dandelion":1,"minecraft:crafting_table":4,"minecraft:torch":5,"minecraft:poppy":5,"biomesoplenty:high_grass_plant":2,"minecraft:tall_grass":13,"minecraft:cobblestone":30,"minecraft:deepslate_gold_ore":27,"biomesoplenty:huge_clover_petal":1,"minecraft:lapis_ore":6,"minecraft:sugar_cane":2,"minecraft:oak_planks":1,"minecraft:diorite":25,"minecraft:wall_torch":1,"minecraft:seagrass":1,"minecraft:birch_planks":7,"minecraft:wheat":15,"minecraft:birch_leaves":1,"gobber2:gobber2_lucky_block_deepslate":6,"minecraft:yellow_bed":1,"minecraft:grass":36,"biomesoplenty:clover":4,"minecraft:oak_log":57,"minecraft:coal_ore":66,"minecraft:gravel":18,"minecraft:sand":25,"minecraft:dirt":2,"minecraft:oak_leaves":5,"minecraft:deepslate":606},"minecraft:used":{"minecraft:stone_sword":74,"gobber2:gobber2_goo":1,"minecraft:chest":4,"minecraft:shield":40,"travelersbackpack:diamond":1,"minecraft:iron_chestplate":1,"minecraft:oak_door":4,"minecraft:torch":40,"minecraft:dirt":2,"minecraft:iron_axe":11,"minecraft:iron_helmet":1,"minecraft:golden_sword":24,"minecraft:golden_carrot":2,"minecraft:furnace":4,"tombstone:gift":2,"blockling_world:rubyore":1,"minecraft:cooked_beef":4,"minecraft:cobbled_deepslate":142,"croptopia:grape":1,"minecraft:water_bucket":14,"minecraft:stone_pickaxe":131,"minecraft:wooden_pickaxe":25,"minecraft:diamond_axe":196,"minecraft:sand":1,"minecraft:crafting_table":3,"minecraft:diamond_pickaxe":778,"minecraft:apple":20,"gobber2:gobber2_gooey_beefstew":2,"minecraft:bread":14,"minecraft:iron_pickaxe":680,"minecraft:stone_axe":78,"minecraft:cobblestone":146,"minecraft:cooked_porkchop":4,"minecraft:andesite":4,"minecraft:bucket":15,"minecraft:yellow_bed":1},"minecraft:broken":{"minecraft:stone_pickaxe":1,"minecraft:iron_pickaxe":1},"minecraft:killed":{"minecraft:vindicator":2,"minecraft:spider":4,"alexsmobs:seagull":2,"minecraft:skeleton":7,"minecraft:chicken":10,"blockling_world:grassblockling":1,"alexsmobs:flying_fish":1,"minecraft:pig":9,"minecraft:zombie_villager":1,"minecraft:sheep":15,"minecraft:pillager":8,"minecraft:zombie":32,"minecraft:cow":4},"minecraft:crafted":{"minecraft:oak_door":3,"minecraft:oak_planks":228,"minecraft:cooked_chicken":7,"minecraft:furnace":3,"travelersbackpack:diamond":1,"minecraft:glass":20,"travelersbackpack:white_sleeping_bag":1,"minecraft:diamond_helmet":1,"minecraft:diamond_leggings":1,"minecraft:iron_boots":1,"minecraft:iron_axe":1,"minecraft:stone_pickaxe":1,"minecraft:chest":5,"minecraft:diamond_boots":1,"minecraft:cooked_beef":7,"minecraft:cooked_porkchop":14,"minecraft:diamond_axe":1,"minecraft:crafting_table":1,"travelersbackpack:standard":1,"travelersbackpack:backpack_tank":2,"minecraft:wooden_pickaxe":1,"minecraft:iron_helmet":1,"minecraft:bucket":1,"minecraft:stone_axe":1,"minecraft:air":0,"minecraft:iron_chestplate":1,"minecraft:diamond_pickaxe":1,"minecraft:shield":1,"minecraft:stick":48,"minecraft:iron_ingot":77,"minecraft:iron_pickaxe":5,"minecraft:gold_ingot":16,"minecraft:stone_sword":1,"minecraft:iron_leggings":1,"minecraft:torch":36,"minecraft:shears":1,"minecraft:diamond_chestplate":1}},"DataVersion":3465}