{"stats":{"minecraft:dropped":{"alexsmobs:animal_dictionary":1,"minecraft:stick":2,"minecraft:oak_sapling":3,"minecraft:dandelion":1},"minecraft:custom":{"lootr:looted_stat":2,"minecraft:mob_kills":29,"minecraft:interact_with_crafting_table":3,"minecraft:time_since_death":24654,"minecraft:sleep_in_bed":3,"minecraft:time_since_rest":2406,"minecraft:sprint_one_cm":92143,"minecraft:damage_taken":395,"minecraft:walk_one_cm":32387,"minecraft:drop":4,"minecraft:damage_dealt":2345,"minecraft:talked_to_villager":2,"minecraft:swim_one_cm":17528,"minecraft:fly_one_cm":105318,"minecraft:open_chest":1,"minecraft:crouch_one_cm":197,"minecraft:play_time":24654,"tombstone:undead_killed":1,"minecraft:sneak_time":126,"minecraft:walk_under_water_one_cm":3818,"minecraft:jump":420,"minecraft:walk_on_water_one_cm":2382,"minecraft:total_world_time":24654,"minecraft:fall_one_cm":13349},"minecraft:picked_up":{"biomesoplenty:lavender":1,"minecraft:crafting_table":2,"minecraft:wheat":4,"minecraft:feather":10,"minecraft:azure_bluet":1,"minecraft:chicken":7,"croptopia:peach":17,"minecraft:andesite":3,"minecraft:potato":3,"minecraft:oak_log":39,"minecraft:yellow_bed":1,"minecraft:dirt":2,"minecraft:apple":35,"minecraft:wheat_seeds":24,"minecraft:poppy":6,"minecraft:sugar_cane":6,"minecraft:egg":3,"minecraft:stick":8,"minecraft:torch":1,"minecraft:dandelion":2,"minecraft:porkchop":13,"minecraft:sand":1,"minecraft:carrot":17,"minecraft:gray_wool":2,"minecraft:bread":2,"minecraft:oak_sapling":12,"minecraft:mutton":10,"minecraft:coal":22,"alexsmobs:flying_fish":1,"minecraft:white_wool":6,"minecraft:cobblestone":46},"minecraft:mined":{"minecraft:dandelion":1,"minecraft:crafting_table":2,"minecraft:grass_block":1,"minecraft:poppy":5,"minecraft:tall_grass":1,"minecraft:cobblestone":14,"biomesoplenty:huge_clover_petal":1,"minecraft:oak_planks":1,"minecraft:sugar_cane":2,"minecraft:wall_torch":1,"minecraft:seagrass":1,"minecraft:tall_seagrass":1,"minecraft:carrots":9,"minecraft:wheat":15,"biomesoplenty:lavender":1,"minecraft:andesite":3,"minecraft:birch_leaves":1,"minecraft:yellow_bed":1,"minecraft:azure_bluet":1,"biomesoplenty:sea_oats":1,"minecraft:grass":18,"minecraft:coal_ore":22,"minecraft:potatoes":3,"minecraft:oak_log":39,"minecraft:sand":1,"minecraft:dirt":1,"minecraft:stone":32,"minecraft:oak_leaves":5},"minecraft:used":{"minecraft:stone_sword":29,"minecraft:stone_pickaxe":57,"minecraft:chest":2,"minecraft:wooden_pickaxe":25,"minecraft:torch":2,"minecraft:dirt":1,"minecraft:sand":1,"minecraft:crafting_table":2,"minecraft:apple":3,"minecraft:bread":7,"minecraft:stone_axe":78,"minecraft:yellow_bed":1},"minecraft:killed":{"minecraft:pig":8,"minecraft:spider":1,"minecraft:sheep":8,"minecraft:zombie":1,"minecraft:chicken":7,"blockling_world:grassblockling":1,"alexsmobs:flying_fish":1},"minecraft:crafted":{"minecraft:oak_planks":72,"minecraft:wooden_pickaxe":1,"minecraft:stone_axe":1,"minecraft:stick":8,"minecraft:stone_pickaxe":1,"minecraft:chest":2,"minecraft:stone_sword":1,"minecraft:torch":12}},"DataVersion":3465}