{"stats":{"minecraft:dropped":{"alexsmobs:animal_dictionary":1,"minecraft:oak_sapling":3,"minecraft:dandelion":1,"minecraft:stick":2},"minecraft:picked_up":{"minecraft:crafting_table":2,"minecraft:stick":8,"minecraft:wheat":4,"minecraft:feather":10,"minecraft:chicken":7,"croptopia:peach":17,"minecraft:dandelion":1,"minecraft:potato":3,"minecraft:sand":1,"minecraft:oak_log":31,"minecraft:carrot":17,"minecraft:yellow_bed":1,"minecraft:dirt":1,"minecraft:apple":28,"minecraft:wheat_seeds":24,"minecraft:gray_wool":2,"minecraft:bread":2,"minecraft:poppy":4,"minecraft:oak_sapling":10,"minecraft:mutton":10,"minecraft:sugar_cane":6,"minecraft:white_wool":6,"alexsmobs:flying_fish":1,"minecraft:cobblestone":14,"minecraft:egg":3},"minecraft:custom":{"minecraft:time_since_rest":12654,"minecraft:sprint_one_cm":58692,"lootr:looted_stat":2,"minecraft:damage_taken":250,"minecraft:walk_one_cm":15965,"minecraft:mob_kills":18,"minecraft:drop":4,"minecraft:damage_dealt":1256,"minecraft:swim_one_cm":12818,"minecraft:talked_to_villager":2,"minecraft:interact_with_crafting_table":2,"minecraft:fly_one_cm":70609,"minecraft:crouch_one_cm":115,"minecraft:play_time":12654,"minecraft:sneak_time":72,"minecraft:walk_under_water_one_cm":3481,"minecraft:jump":270,"minecraft:time_since_death":12654,"minecraft:walk_on_water_one_cm":1066,"minecraft:total_world_time":12654,"minecraft:fall_one_cm":9043},"minecraft:mined":{"minecraft:seagrass":1,"minecraft:tall_seagrass":1,"minecraft:carrots":9,"minecraft:wheat":15,"minecraft:birch_leaves":1,"minecraft:dandelion":1,"minecraft:yellow_bed":1,"minecraft:crafting_table":2,"minecraft:grass":15,"minecraft:potatoes":3,"minecraft:grass_block":1,"minecraft:oak_log":31,"minecraft:poppy":4,"minecraft:sand":1,"minecraft:tall_grass":1,"minecraft:cobblestone":14,"minecraft:sugar_cane":2,"minecraft:oak_planks":1,"minecraft:oak_leaves":5,"minecraft:wall_torch":1},"minecraft:used":{"minecraft:stone_sword":7,"minecraft:apple":3,"minecraft:bread":4,"minecraft:wooden_pickaxe":25,"minecraft:stone_axe":58,"minecraft:sand":1},"minecraft:killed":{"minecraft:sheep":8,"minecraft:pig":1,"minecraft:chicken":7,"blockling_world:grassblockling":1,"alexsmobs:flying_fish":1},"minecraft:crafted":{"minecraft:oak_planks":16,"minecraft:stick":8,"minecraft:wooden_pickaxe":1,"minecraft:stone_pickaxe":1,"minecraft:stone_sword":1,"minecraft:stone_axe":1}},"DataVersion":3465}