{"stats":{"minecraft:dropped":{"alexsmobs:animal_dictionary":1},"minecraft:picked_up":{"minecraft:sand":1},"minecraft:custom":{"minecraft:jump":3,"minecraft:time_since_rest":654,"minecraft:damage_dealt":15,"minecraft:crouch_one_cm":76,"minecraft:sprint_one_cm":260,"minecraft:play_time":654,"minecraft:damage_taken":10,"minecraft:time_since_death":654,"minecraft:walk_one_cm":1524,"minecraft:sneak_time":15,"minecraft:total_world_time":654,"minecraft:drop":1,"minecraft:fly_one_cm":265},"minecraft:mined":{"minecraft:sand":1}},"DataVersion":3465}