{"stats":{"minecraft:dropped":{"minecraft:wheat_seeds":2,"minecraft:stick":2,"minecraft:dandelion":1,"alexsmobs:animal_dictionary":1,"minecraft:oak_sapling":4,"minecraft:arrow":1},"minecraft:custom":{"lootr:looted_stat":3,"minecraft:mob_kills":75,"minecraft:interact_with_crafting_table":24,"minecraft:time_since_death":46699,"minecraft:sprint_one_cm":257905,"minecraft:walk_one_cm":164482,"minecraft:damage_blocked_by_shield":1100,"minecraft:drop":7,"minecraft:talked_to_villager":2,"minecraft:play_time":102654,"minecraft:deaths":1,"minecraft:sneak_time":5208,"minecraft:walk_under_water_one_cm":14985,"minecraft:jump":1916,"minecraft:walk_on_water_one_cm":20817,"minecraft:total_world_time":102654,"minecraft:interact_with_furnace":43,"tombstone:raider_killed":1,"minecraft:sleep_in_bed":5,"minecraft:time_since_rest":4046,"minecraft:damage_taken":1989,"minecraft:damage_dealt":9422,"minecraft:swim_one_cm":26947,"minecraft:fly_one_cm":306474,"minecraft:open_chest":38,"minecraft:crouch_one_cm":16432,"tombstone:undead_killed":26,"minecraft:fall_one_cm":52248},"minecraft:picked_up":{"minecraft:crafting_table":5,"minecraft:wheat":4,"minecraft:azure_bluet":1,"minecraft:chicken":7,"croptopia:peach":17,"croptopia:grape_seed":1,"blockling_world:rubyore":9,"minecraft:string":3,"minecraft:cobbled_deepslate":118,"minecraft:beef":7,"minecraft:poppy":6,"minecraft:sugar_cane":6,"minecraft:egg":3,"minecraft:furnace":1,"minecraft:raw_iron":78,"minecraft:stick":11,"minecraft:oak_door":2,"minecraft:torch":4,"minecraft:porkchop":14,"tombstone:grave_dust":6,"minecraft:diorite":25,"minecraft:carrot":17,"minecraft:redstone":54,"croptopia:grape":1,"minecraft:arrow":7,"minecraft:rotten_flesh":18,"minecraft:mutton":20,"minecraft:white_wool":11,"alexsmobs:flying_fish":1,"minecraft:cobblestone":464,"biomesoplenty:lavender":1,"minecraft:feather":17,"minecraft:golden_carrot":1,"minecraft:andesite":40,"gobber2:gobber2_gooey_beefstew":2,"minecraft:leather":4,"croptopia:glowing_calamari":1,"minecraft:potato":3,"minecraft:flint":2,"minecraft:oak_log":57,"minecraft:yellow_bed":1,"minecraft:lapis_lazuli":42,"minecraft:dirt":3,"minecraft:white_banner":1,"minecraft:bone":4,"minecraft:apple":36,"gobber2:gobber2_gooey_beef":2,"minecraft:wheat_seeds":26,"gobber2:gobber2_gooey_bread":1,"croptopia:plum":8,"croptopia:starfruit":2,"minecraft:dandelion":2,"minecraft:gravel":18,"minecraft:sand":25,"biomesoplenty:flowering_oak_sapling":1,"minecraft:diamond":13,"minecraft:granite":47,"minecraft:gray_wool":2,"minecraft:bread":2,"minecraft:oak_sapling":15,"minecraft:black_wool":2,"minecraft:coal":98,"gobber2:gobber2_goo":1},"minecraft:mined":{"blockling_world:rubyore":9,"minecraft:deepslate_diamond_ore":13,"minecraft:oak_door":2,"minecraft:granite":47,"minecraft:grass_block":1,"gobber2:gobber2_lucky_block":3,"minecraft:tall_seagrass":1,"minecraft:redstone_ore":6,"minecraft:furnace":1,"minecraft:carrots":9,"minecraft:iron_ore":57,"minecraft:cobbled_deepslate":6,"biomesoplenty:lavender":1,"minecraft:andesite":34,"minecraft:azure_bluet":2,"biomesoplenty:sea_oats":1,"minecraft:potatoes":3,"minecraft:deepslate_iron_ore":20,"minecraft:stone":432,"minecraft:deepslate_redstone_ore":6,"minecraft:dandelion":1,"minecraft:crafting_table":4,"minecraft:torch":1,"minecraft:poppy":5,"biomesoplenty:high_grass_plant":2,"minecraft:tall_grass":7,"minecraft:cobblestone":26,"biomesoplenty:huge_clover_petal":1,"minecraft:lapis_ore":6,"minecraft:sugar_cane":2,"minecraft:oak_planks":1,"minecraft:diorite":25,"minecraft:wall_torch":1,"minecraft:seagrass":1,"minecraft:birch_planks":7,"minecraft:wheat":15,"minecraft:birch_leaves":1,"gobber2:gobber2_lucky_block_deepslate":3,"minecraft:yellow_bed":1,"minecraft:grass":36,"biomesoplenty:clover":4,"minecraft:oak_log":57,"minecraft:coal_ore":66,"minecraft:gravel":18,"minecraft:sand":25,"minecraft:dirt":2,"minecraft:oak_leaves":5,"minecraft:deepslate":112},"minecraft:used":{"minecraft:stone_sword":74,"gobber2:gobber2_goo":1,"minecraft:chest":4,"minecraft:shield":32,"minecraft:iron_chestplate":1,"minecraft:oak_door":4,"minecraft:torch":25,"minecraft:dirt":2,"minecraft:iron_axe":11,"minecraft:iron_helmet":1,"minecraft:golden_sword":24,"minecraft:golden_carrot":2,"minecraft:furnace":4,"tombstone:gift":2,"blockling_world:rubyore":1,"minecraft:cooked_beef":4,"minecraft:cobbled_deepslate":105,"croptopia:grape":1,"minecraft:water_bucket":14,"minecraft:stone_pickaxe":131,"minecraft:wooden_pickaxe":25,"minecraft:diamond_axe":106,"minecraft:sand":1,"minecraft:crafting_table":3,"minecraft:diamond_pickaxe":64,"minecraft:apple":12,"gobber2:gobber2_gooey_beefstew":2,"minecraft:bread":14,"minecraft:iron_pickaxe":680,"minecraft:stone_axe":78,"minecraft:cobblestone":142,"minecraft:cooked_porkchop":1,"minecraft:andesite":4,"minecraft:bucket":15,"minecraft:yellow_bed":1},"minecraft:broken":{"minecraft:stone_pickaxe":1,"minecraft:iron_pickaxe":1},"minecraft:killed":{"minecraft:spider":3,"alexsmobs:seagull":2,"minecraft:skeleton":6,"minecraft:chicken":9,"blockling_world:grassblockling":1,"alexsmobs:flying_fish":1,"minecraft:pig":9,"minecraft:zombie_villager":1,"minecraft:sheep":15,"minecraft:pillager":1,"minecraft:zombie":19,"minecraft:cow":4},"minecraft:crafted":{"minecraft:oak_door":3,"minecraft:oak_planks":228,"minecraft:cooked_chicken":7,"minecraft:furnace":3,"minecraft:glass":20,"travelersbackpack:white_sleeping_bag":1,"minecraft:iron_boots":1,"minecraft:iron_axe":1,"minecraft:stone_pickaxe":1,"minecraft:chest":5,"minecraft:cooked_beef":7,"minecraft:cooked_porkchop":14,"minecraft:diamond_axe":1,"minecraft:crafting_table":1,"travelersbackpack:backpack_tank":2,"minecraft:wooden_pickaxe":1,"minecraft:iron_helmet":1,"minecraft:bucket":1,"minecraft:stone_axe":1,"minecraft:air":0,"minecraft:iron_chestplate":1,"minecraft:diamond_pickaxe":1,"minecraft:shield":1,"minecraft:stick":48,"minecraft:iron_ingot":77,"minecraft:iron_pickaxe":5,"minecraft:stone_sword":1,"minecraft:iron_leggings":1,"minecraft:torch":36,"minecraft:shears":1}},"DataVersion":3465}