{"stats":{"minecraft:dropped":{"alexsmobs:animal_dictionary":1,"minecraft:stick":2,"minecraft:oak_sapling":3,"minecraft:dandelion":1},"minecraft:custom":{"minecraft:interact_with_furnace":5,"lootr:looted_stat":2,"minecraft:mob_kills":33,"minecraft:interact_with_crafting_table":11,"minecraft:time_since_death":36654,"minecraft:sleep_in_bed":3,"minecraft:time_since_rest":14406,"minecraft:sprint_one_cm":111748,"minecraft:damage_taken":565,"minecraft:walk_one_cm":55821,"minecraft:damage_blocked_by_shield":60,"minecraft:drop":4,"minecraft:damage_dealt":3080,"minecraft:talked_to_villager":2,"minecraft:swim_one_cm":17528,"minecraft:fly_one_cm":121330,"minecraft:open_chest":9,"minecraft:crouch_one_cm":270,"minecraft:play_time":36654,"tombstone:undead_killed":3,"minecraft:sneak_time":134,"minecraft:walk_under_water_one_cm":3818,"minecraft:jump":552,"minecraft:walk_on_water_one_cm":2435,"minecraft:total_world_time":36654,"minecraft:fall_one_cm":16495},"minecraft:picked_up":{"biomesoplenty:lavender":1,"minecraft:crafting_table":2,"minecraft:wheat":4,"minecraft:feather":10,"minecraft:azure_bluet":1,"minecraft:chicken":7,"croptopia:peach":17,"minecraft:andesite":9,"gobber2:gobber2_gooey_beefstew":2,"minecraft:potato":3,"minecraft:oak_log":39,"minecraft:yellow_bed":1,"minecraft:lapis_lazuli":42,"minecraft:string":2,"minecraft:dirt":2,"minecraft:apple":35,"minecraft:wheat_seeds":24,"minecraft:poppy":6,"minecraft:sugar_cane":6,"minecraft:egg":3,"minecraft:stick":8,"minecraft:raw_iron":36,"minecraft:oak_door":1,"minecraft:torch":2,"minecraft:dandelion":2,"minecraft:gravel":8,"minecraft:porkchop":13,"minecraft:sand":1,"minecraft:diorite":18,"minecraft:carrot":17,"minecraft:arrow":2,"minecraft:rotten_flesh":2,"minecraft:granite":15,"minecraft:gray_wool":2,"minecraft:bread":2,"minecraft:oak_sapling":12,"minecraft:mutton":10,"minecraft:coal":54,"alexsmobs:flying_fish":1,"minecraft:white_wool":6,"minecraft:cobblestone":114},"minecraft:mined":{"minecraft:oak_door":1,"minecraft:dandelion":1,"minecraft:crafting_table":2,"minecraft:torch":1,"minecraft:granite":15,"minecraft:grass_block":1,"minecraft:poppy":5,"gobber2:gobber2_lucky_block":2,"minecraft:tall_grass":1,"minecraft:cobblestone":14,"minecraft:lapis_ore":6,"biomesoplenty:huge_clover_petal":1,"minecraft:oak_planks":1,"minecraft:sugar_cane":2,"minecraft:diorite":18,"minecraft:wall_torch":1,"minecraft:seagrass":1,"minecraft:tall_seagrass":1,"minecraft:carrots":9,"minecraft:iron_ore":36,"minecraft:wheat":15,"biomesoplenty:lavender":1,"minecraft:andesite":9,"minecraft:birch_leaves":1,"minecraft:yellow_bed":1,"minecraft:azure_bluet":1,"biomesoplenty:sea_oats":1,"minecraft:grass":18,"minecraft:coal_ore":55,"minecraft:potatoes":3,"minecraft:oak_log":39,"minecraft:gravel":6,"minecraft:sand":1,"minecraft:dirt":1,"minecraft:stone":98,"minecraft:oak_leaves":5},"minecraft:used":{"minecraft:stone_sword":40,"minecraft:stone_pickaxe":131,"minecraft:shield":2,"minecraft:chest":2,"minecraft:wooden_pickaxe":25,"minecraft:oak_door":3,"minecraft:torch":9,"minecraft:dirt":2,"minecraft:sand":1,"minecraft:crafting_table":2,"minecraft:apple":3,"minecraft:iron_axe":3,"minecraft:iron_pickaxe":113,"minecraft:bread":10,"minecraft:stone_axe":78,"minecraft:cobblestone":8,"minecraft:furnace":2,"minecraft:andesite":1,"minecraft:yellow_bed":1},"minecraft:killed":{"minecraft:pig":8,"minecraft:spider":3,"minecraft:skeleton":1,"minecraft:sheep":8,"minecraft:zombie":2,"minecraft:chicken":7,"blockling_world:grassblockling":1,"alexsmobs:flying_fish":1},"minecraft:broken":{"minecraft:stone_pickaxe":1},"minecraft:crafted":{"minecraft:oak_door":3,"minecraft:oak_planks":156,"minecraft:wooden_pickaxe":1,"minecraft:furnace":2,"minecraft:stone_axe":1,"minecraft:air":0,"minecraft:shield":1,"minecraft:iron_axe":1,"minecraft:stick":12,"minecraft:iron_ingot":13,"minecraft:iron_pickaxe":2,"minecraft:stone_pickaxe":1,"minecraft:chest":2,"minecraft:stone_sword":1,"minecraft:torch":12}},"DataVersion":3465}