{"stats":{"minecraft:dropped":{"minecraft:water_bucket":1,"minecraft:stick":1,"minecraft:diorite":1,"minecraft:torch":4,"tombstone:grave_dust":1,"minecraft:gravel":1,"alexsmobs:animal_dictionary":1,"minecraft:tuff":4,"minecraft:rotten_flesh":29,"minecraft:oak_planks":1,"minecraft:gunpowder":8,"minecraft:andesite":6,"minecraft:arrow":6,"minecraft:stone_pickaxe":1,"minecraft:raw_gold":1,"minecraft:netherrack":8},"minecraft:custom":{"lootr:looted_stat":3,"minecraft:mob_kills":101,"minecraft:interact_with_crafting_table":27,"minecraft:leave_game":1,"minecraft:time_since_death":118165,"minecraft:sprint_one_cm":413370,"minecraft:walk_one_cm":318071,"minecraft:damage_blocked_by_shield":390,"minecraft:drop":20,"minecraft:talked_to_villager":1,"minecraft:play_time":118165,"minecraft:sneak_time":8050,"minecraft:walk_under_water_one_cm":10054,"minecraft:jump":2642,"minecraft:walk_on_water_one_cm":14943,"minecraft:total_world_time":118165,"minecraft:interact_with_furnace":29,"minecraft:sleep_in_bed":1,"minecraft:time_since_rest":92138,"minecraft:damage_taken":1386,"minecraft:damage_dealt":15509,"minecraft:swim_one_cm":4438,"minecraft:fly_one_cm":450670,"minecraft:open_chest":11,"minecraft:crouch_one_cm":22262,"tombstone:undead_killed":52,"minecraft:fall_one_cm":74709,"minecraft:horse_one_cm":5879},"minecraft:picked_up":{"minecraft:crafting_table":1,"minecraft:chicken":4,"minecraft:amethyst_block":1,"minecraft:string":10,"gobber2:gobber2_glass_nether":3,"minecraft:gold_nugget":73,"minecraft:cobbled_deepslate":74,"minecraft:beef":18,"minecraft:oak_boat":7,"minecraft:calcite":6,"minecraft:light_gray_wool":1,"minecraft:sugar_cane":4,"minecraft:egg":10,"minecraft:raw_iron":127,"minecraft:stick":7,"minecraft:torch":5,"minecraft:porkchop":29,"tombstone:grave_dust":4,"minecraft:diorite":7,"minecraft:arrow":13,"minecraft:rotten_flesh":42,"gobber2:gobber2_gooey_beef_nether":2,"tombstone:essence_of_undeath":1,"minecraft:mutton":2,"minecraft:cobblestone":102,"minecraft:feather":2,"minecraft:water_bucket":1,"minecraft:andesite":6,"minecraft:leather":11,"gobber2:gobber2_gooey_beefstew":1,"minecraft:potato":1,"minecraft:flint":1,"minecraft:tuff":9,"minecraft:oak_log":49,"gobber2:gobber2_gooey_bread_nether":1,"minecraft:gunpowder":7,"minecraft:lapis_lazuli":71,"minecraft:dirt":13,"minecraft:bone":14,"gobber2:gobber2_gooey_beef":2,"minecraft:wheat_seeds":2,"minecraft:raw_gold":29,"minecraft:iron_ingot":1,"tombstone:bag_of_seeds":1,"gobber2:gobber2_gooey_beefstew_nether":1,"minecraft:oak_planks":2,"gobber2:gobber2_gooey_bread":1,"minecraft:quartz":22,"minecraft:raw_iron_block":4,"minecraft:gravel":1,"alexsmobs:animal_dictionary":1,"minecraft:spider_eye":3,"minecraft:bundle":1,"minecraft:diamond":7,"minecraft:granite":17,"minecraft:bread":1,"gobber2:gobber2_goo_nether":3,"minecraft:oak_sapling":15,"tombstone:magic_scroll":2,"minecraft:coal":138,"minecraft:netherrack":8,"gobber2:gobber2_goo":2,"minecraft:ender_pearl":1},"minecraft:mined":{"minecraft:nether_gold_ore":18,"minecraft:tuff":8,"minecraft:deepslate_diamond_ore":7,"minecraft:granite":17,"minecraft:grass_block":9,"minecraft:raw_iron_block":4,"minecraft:iron_ore":81,"minecraft:cobbled_deepslate":2,"minecraft:andesite":6,"minecraft:deepslate_lapis_ore":5,"minecraft:deepslate_iron_ore":48,"minecraft:stone":96,"minecraft:crafting_table":1,"minecraft:calcite":6,"gobber2:gobber2_lucky_block_nether":10,"minecraft:nether_quartz_ore":25,"minecraft:lapis_ore":8,"minecraft:deepslate_gold_ore":10,"minecraft:sugar_cane":2,"minecraft:oak_planks":1,"minecraft:diorite":4,"minecraft:amethyst_block":1,"gobber2:gobber2_lucky_block_deepslate":6,"minecraft:grass":10,"minecraft:oak_log":49,"minecraft:coal_ore":137,"minecraft:gravel":2,"minecraft:dirt":15,"minecraft:netherrack":9,"minecraft:gold_ore":18,"minecraft:oak_leaves":2,"minecraft:deepslate":69},"minecraft:used":{"minecraft:flint_and_steel":1,"minecraft:chest":4,"minecraft:shield":14,"minecraft:iron_sword":204,"minecraft:cooked_chicken":3,"minecraft:torch":154,"minecraft:golden_shovel":13,"minecraft:tuff":5,"minecraft:lava_bucket":9,"minecraft:golden_sword":33,"minecraft:furnace":6,"tombstone:gift":4,"minecraft:egg":8,"minecraft:cobbled_deepslate":14,"minecraft:water_bucket":31,"minecraft:amethyst_block":1,"minecraft:stone_pickaxe":141,"minecraft:oak_planks":2,"minecraft:wooden_pickaxe":38,"minecraft:crafting_table":9,"tombstone:bag_of_seeds":1,"minecraft:diamond_pickaxe":54,"minecraft:bread":1,"minecraft:iron_pickaxe":377,"minecraft:stone_axe":75,"minecraft:cobblestone":42,"minecraft:cooked_porkchop":21,"minecraft:bucket":41,"alexsmobs:animal_dictionary":1,"minecraft:oak_boat":7},"minecraft:broken":{"minecraft:stone_pickaxe":1,"minecraft:golden_sword":1,"minecraft:iron_pickaxe":1},"minecraft:killed":{"minecraft:spider":8,"minecraft:skeleton":13,"minecraft:chicken":4,"minecraft:pig":13,"minecraft:creeper":2,"minecraft:sheep":1,"minecraft:zombie":39,"minecraft:cow":12,"minecraft:enderman":2},"minecraft:crafted":{"minecraft:oak_planks":124,"minecraft:raw_iron":9,"minecraft:cooked_chicken":4,"minecraft:furnace":6,"minecraft:flint_and_steel":1,"minecraft:stone_pickaxe":3,"minecraft:chest":4,"minecraft:raw_iron_block":9,"minecraft:cooked_porkchop":29,"minecraft:crafting_table":8,"minecraft:wooden_pickaxe":1,"minecraft:iron_helmet":1,"minecraft:iron_sword":1,"minecraft:bucket":1,"minecraft:stone_axe":1,"minecraft:air":0,"minecraft:oak_boat":1,"minecraft:iron_chestplate":1,"minecraft:diamond_pickaxe":1,"minecraft:shield":1,"minecraft:stick":64,"minecraft:iron_ingot":48,"minecraft:iron_pickaxe":2,"minecraft:gold_ingot":3,"minecraft:torch":212}},"DataVersion":3465}