{"stats":{"minecraft:dropped":{"alexsmobs:animal_dictionary":1,"minecraft:rotten_flesh":19,"minecraft:diorite":1,"minecraft:torch":4,"minecraft:andesite":6},"minecraft:custom":{"minecraft:interact_with_furnace":29,"lootr:looted_stat":1,"minecraft:mob_kills":81,"minecraft:interact_with_crafting_table":20,"minecraft:leave_game":1,"minecraft:time_since_death":76165,"minecraft:sleep_in_bed":1,"minecraft:time_since_rest":50138,"minecraft:sprint_one_cm":214710,"minecraft:damage_taken":888,"minecraft:walk_one_cm":219210,"minecraft:damage_blocked_by_shield":250,"minecraft:drop":8,"minecraft:damage_dealt":11724,"minecraft:swim_one_cm":1672,"minecraft:talked_to_villager":1,"minecraft:fly_one_cm":269785,"minecraft:open_chest":11,"minecraft:crouch_one_cm":16018,"minecraft:play_time":76165,"tombstone:undead_killed":40,"minecraft:sneak_time":6351,"minecraft:walk_under_water_one_cm":6959,"minecraft:jump":1668,"minecraft:walk_on_water_one_cm":4895,"minecraft:total_world_time":76165,"minecraft:fall_one_cm":48873,"minecraft:horse_one_cm":5879},"minecraft:picked_up":{"minecraft:crafting_table":1,"minecraft:feather":2,"minecraft:chicken":4,"minecraft:andesite":6,"minecraft:leather":11,"minecraft:potato":1,"minecraft:oak_log":49,"minecraft:gunpowder":3,"minecraft:amethyst_block":1,"minecraft:string":5,"minecraft:dirt":13,"minecraft:lapis_lazuli":71,"minecraft:bone":9,"minecraft:wheat_seeds":2,"minecraft:cobbled_deepslate":5,"minecraft:raw_gold":20,"minecraft:beef":18,"minecraft:oak_boat":7,"tombstone:bag_of_seeds":1,"minecraft:calcite":6,"minecraft:light_gray_wool":1,"minecraft:sugar_cane":4,"minecraft:egg":10,"minecraft:stick":7,"minecraft:raw_iron":81,"minecraft:torch":4,"minecraft:porkchop":29,"tombstone:grave_dust":3,"minecraft:diorite":7,"minecraft:spider_eye":2,"alexsmobs:animal_dictionary":1,"minecraft:arrow":7,"minecraft:rotten_flesh":30,"minecraft:granite":17,"minecraft:bread":1,"tombstone:essence_of_undeath":1,"tombstone:magic_scroll":1,"minecraft:oak_sapling":15,"minecraft:mutton":2,"minecraft:coal":138,"minecraft:cobblestone":102,"minecraft:ender_pearl":1},"minecraft:mined":{"minecraft:crafting_table":1,"minecraft:granite":17,"minecraft:calcite":6,"minecraft:grass_block":9,"minecraft:deepslate_gold_ore":2,"minecraft:lapis_ore":8,"minecraft:sugar_cane":2,"minecraft:diorite":4,"minecraft:amethyst_block":1,"minecraft:iron_ore":81,"minecraft:andesite":6,"minecraft:deepslate_lapis_ore":5,"minecraft:grass":10,"minecraft:coal_ore":137,"minecraft:oak_log":49,"minecraft:dirt":15,"minecraft:stone":96,"minecraft:gold_ore":18,"minecraft:deepslate":5,"minecraft:oak_leaves":2},"minecraft:used":{"minecraft:water_bucket":2,"minecraft:amethyst_block":1,"minecraft:stone_pickaxe":134,"minecraft:chest":4,"minecraft:shield":8,"minecraft:wooden_pickaxe":38,"minecraft:iron_sword":138,"minecraft:cooked_chicken":3,"minecraft:torch":116,"minecraft:crafting_table":6,"minecraft:golden_shovel":13,"tombstone:bag_of_seeds":1,"minecraft:bread":1,"minecraft:iron_pickaxe":223,"minecraft:stone_axe":74,"minecraft:golden_sword":33,"minecraft:cobblestone":36,"minecraft:furnace":6,"minecraft:cooked_porkchop":10,"minecraft:bucket":3,"minecraft:oak_boat":7,"alexsmobs:animal_dictionary":1,"tombstone:gift":2,"minecraft:egg":8},"minecraft:killed":{"minecraft:pig":13,"minecraft:spider":4,"minecraft:creeper":2,"minecraft:sheep":1,"minecraft:skeleton":8,"minecraft:zombie":32,"minecraft:chicken":4,"minecraft:enderman":2,"minecraft:cow":12},"minecraft:broken":{"minecraft:stone_pickaxe":1,"minecraft:golden_sword":1},"minecraft:crafted":{"minecraft:oak_planks":100,"minecraft:cooked_porkchop":29,"minecraft:crafting_table":5,"minecraft:wooden_pickaxe":1,"minecraft:cooked_chicken":4,"minecraft:iron_helmet":1,"minecraft:iron_sword":1,"minecraft:furnace":6,"minecraft:bucket":1,"minecraft:stone_axe":1,"minecraft:air":0,"minecraft:oak_boat":1,"minecraft:iron_chestplate":1,"minecraft:shield":1,"minecraft:stick":64,"minecraft:iron_pickaxe":2,"minecraft:iron_ingot":48,"minecraft:stone_pickaxe":3,"minecraft:chest":4,"minecraft:torch":212}},"DataVersion":3465}