{"stats":{"minecraft:dropped":{"minecraft:gravel":1,"alexsmobs:animal_dictionary":1,"minecraft:rotten_flesh":19,"minecraft:diorite":1,"minecraft:torch":4,"minecraft:andesite":6,"minecraft:raw_gold":1},"minecraft:custom":{"minecraft:interact_with_furnace":29,"lootr:looted_stat":3,"minecraft:mob_kills":101,"minecraft:interact_with_crafting_table":20,"minecraft:leave_game":1,"minecraft:time_since_death":106165,"minecraft:sleep_in_bed":1,"minecraft:time_since_rest":80138,"minecraft:sprint_one_cm":378432,"minecraft:damage_taken":1386,"minecraft:walk_one_cm":286336,"minecraft:damage_blocked_by_shield":390,"minecraft:drop":10,"minecraft:damage_dealt":15509,"minecraft:swim_one_cm":4438,"minecraft:talked_to_villager":1,"minecraft:fly_one_cm":424842,"minecraft:open_chest":11,"minecraft:crouch_one_cm":21085,"minecraft:play_time":106165,"tombstone:undead_killed":52,"minecraft:sneak_time":7802,"minecraft:walk_under_water_one_cm":10054,"minecraft:jump":2516,"minecraft:walk_on_water_one_cm":14602,"minecraft:total_world_time":106165,"minecraft:fall_one_cm":71781,"minecraft:horse_one_cm":5879},"minecraft:picked_up":{"minecraft:crafting_table":1,"minecraft:feather":2,"minecraft:chicken":4,"minecraft:andesite":6,"gobber2:gobber2_gooey_beefstew":1,"minecraft:leather":11,"minecraft:potato":1,"minecraft:tuff":9,"minecraft:oak_log":49,"minecraft:gunpowder":7,"minecraft:amethyst_block":1,"minecraft:string":10,"minecraft:dirt":13,"minecraft:lapis_lazuli":71,"minecraft:bone":14,"gobber2:gobber2_gooey_beef":2,"minecraft:wheat_seeds":2,"minecraft:cobbled_deepslate":55,"minecraft:raw_gold":29,"minecraft:iron_ingot":1,"minecraft:beef":18,"minecraft:oak_boat":7,"tombstone:bag_of_seeds":1,"minecraft:calcite":6,"minecraft:light_gray_wool":1,"minecraft:sugar_cane":4,"gobber2:gobber2_gooey_bread":1,"minecraft:egg":10,"minecraft:stick":7,"minecraft:raw_iron":127,"minecraft:torch":5,"minecraft:raw_iron_block":4,"minecraft:gravel":1,"minecraft:porkchop":29,"tombstone:grave_dust":4,"minecraft:diorite":7,"minecraft:spider_eye":3,"alexsmobs:animal_dictionary":1,"minecraft:bundle":1,"minecraft:arrow":13,"minecraft:rotten_flesh":42,"minecraft:diamond":7,"minecraft:granite":17,"minecraft:bread":1,"tombstone:essence_of_undeath":1,"tombstone:magic_scroll":2,"minecraft:oak_sapling":15,"minecraft:mutton":2,"minecraft:coal":138,"gobber2:gobber2_goo":2,"minecraft:cobblestone":102,"minecraft:ender_pearl":1},"minecraft:mined":{"minecraft:tuff":8,"minecraft:deepslate_diamond_ore":7,"minecraft:crafting_table":1,"minecraft:granite":17,"minecraft:calcite":6,"minecraft:grass_block":9,"minecraft:deepslate_gold_ore":10,"minecraft:lapis_ore":8,"minecraft:sugar_cane":2,"minecraft:diorite":4,"minecraft:amethyst_block":1,"minecraft:raw_iron_block":4,"minecraft:cobbled_deepslate":2,"minecraft:iron_ore":81,"minecraft:andesite":6,"gobber2:gobber2_lucky_block_deepslate":6,"minecraft:deepslate_lapis_ore":5,"minecraft:grass":10,"minecraft:coal_ore":137,"minecraft:oak_log":49,"minecraft:deepslate_iron_ore":48,"minecraft:gravel":1,"minecraft:dirt":15,"minecraft:stone":96,"minecraft:gold_ore":18,"minecraft:deepslate":47,"minecraft:oak_leaves":2},"minecraft:used":{"minecraft:water_bucket":12,"minecraft:amethyst_block":1,"minecraft:stone_pickaxe":140,"minecraft:chest":4,"minecraft:shield":14,"minecraft:wooden_pickaxe":38,"minecraft:iron_sword":204,"minecraft:cooked_chicken":3,"minecraft:torch":154,"minecraft:crafting_table":6,"minecraft:golden_shovel":13,"tombstone:bag_of_seeds":1,"minecraft:bread":1,"minecraft:iron_pickaxe":347,"minecraft:stone_axe":74,"minecraft:golden_sword":33,"minecraft:cobblestone":42,"minecraft:furnace":6,"minecraft:cooked_porkchop":20,"minecraft:bucket":13,"minecraft:oak_boat":7,"alexsmobs:animal_dictionary":1,"tombstone:gift":2,"minecraft:egg":8,"minecraft:cobbled_deepslate":14},"minecraft:killed":{"minecraft:pig":13,"minecraft:spider":8,"minecraft:creeper":2,"minecraft:sheep":1,"minecraft:skeleton":13,"minecraft:zombie":39,"minecraft:chicken":4,"minecraft:enderman":2,"minecraft:cow":12},"minecraft:broken":{"minecraft:stone_pickaxe":1,"minecraft:golden_sword":1,"minecraft:iron_pickaxe":1},"minecraft:crafted":{"minecraft:oak_planks":100,"minecraft:raw_iron":9,"minecraft:cooked_porkchop":29,"minecraft:crafting_table":5,"minecraft:wooden_pickaxe":1,"minecraft:cooked_chicken":4,"minecraft:iron_helmet":1,"minecraft:iron_sword":1,"minecraft:furnace":6,"minecraft:bucket":1,"minecraft:stone_axe":1,"minecraft:air":0,"minecraft:oak_boat":1,"minecraft:iron_chestplate":1,"minecraft:shield":1,"minecraft:stick":64,"minecraft:iron_pickaxe":2,"minecraft:iron_ingot":48,"minecraft:stone_pickaxe":3,"minecraft:chest":4,"minecraft:torch":212}},"DataVersion":3465}