{"stats":{"minecraft:dropped":{"minecraft:water_bucket":1,"minecraft:warped_roots":1,"minecraft:stick":1,"minecraft:diorite":1,"minecraft:torch":4,"tombstone:grave_dust":1,"minecraft:gold_ingot":48,"minecraft:gravel":47,"alexsmobs:animal_dictionary":1,"minecraft:tuff":4,"minecraft:raw_iron":1,"minecraft:rotten_flesh":29,"minecraft:oak_planks":1,"minecraft:gunpowder":8,"minecraft:andesite":6,"blockling_world:fireflower":2,"minecraft:arrow":6,"minecraft:stone_pickaxe":1,"minecraft:raw_gold":1,"minecraft:warped_wart_block":28,"minecraft:netherrack":8},"minecraft:custom":{"lootr:looted_stat":5,"minecraft:mob_kills":122,"minecraft:interact_with_crafting_table":46,"minecraft:leave_game":1,"minecraft:time_since_death":154165,"minecraft:sprint_one_cm":509760,"minecraft:walk_one_cm":407016,"minecraft:damage_blocked_by_shield":475,"minecraft:drop":76,"minecraft:talked_to_villager":1,"minecraft:play_time":154165,"minecraft:sneak_time":9096,"minecraft:walk_under_water_one_cm":10054,"minecraft:jump":3304,"minecraft:walk_on_water_one_cm":14943,"minecraft:total_world_time":154165,"minecraft:interact_with_furnace":67,"minecraft:sleep_in_bed":1,"minecraft:time_since_rest":128138,"minecraft:damage_taken":1942,"minecraft:damage_dealt":16542,"minecraft:swim_one_cm":4438,"minecraft:fly_one_cm":582614,"minecraft:open_chest":42,"minecraft:crouch_one_cm":27292,"tombstone:undead_killed":54,"minecraft:fall_one_cm":94148,"minecraft:horse_one_cm":5879},"minecraft:picked_up":{"minecraft:crafting_table":1,"minecraft:splash_potion":1,"minecraft:chicken":4,"minecraft:potion":3,"minecraft:nether_brick":23,"minecraft:amethyst_block":1,"minecraft:string":27,"gobber2:gobber2_glass_nether":4,"minecraft:blackstone":18,"minecraft:gold_nugget":338,"minecraft:cobbled_deepslate":74,"minecraft:beef":18,"minecraft:oak_boat":7,"minecraft:calcite":6,"minecraft:iron_nugget":22,"minecraft:light_gray_wool":1,"minecraft:sugar_cane":4,"minecraft:iron_boots":1,"minecraft:egg":10,"minecraft:raw_iron":127,"minecraft:stick":8,"minecraft:torch":5,"minecraft:fire_charge":2,"minecraft:porkchop":29,"tombstone:grave_dust":4,"minecraft:diorite":7,"minecraft:arrow":22,"minecraft:rotten_flesh":42,"gobber2:gobber2_gooey_beef_nether":3,"minecraft:gold_ingot":8,"tombstone:essence_of_undeath":1,"minecraft:obsidian":1,"minecraft:mutton":2,"minecraft:cobblestone":102,"minecraft:feather":2,"minecraft:magma_cream":1,"blockling_world:fireflower":2,"minecraft:water_bucket":1,"minecraft:andesite":6,"minecraft:leather":25,"gobber2:gobber2_gooey_beefstew":1,"minecraft:potato":1,"minecraft:flint":1,"minecraft:tuff":9,"minecraft:oak_log":49,"minecraft:magenta_bed":1,"gobber2:gobber2_gooey_bread_nether":1,"minecraft:gunpowder":7,"minecraft:lapis_lazuli":71,"minecraft:dirt":13,"minecraft:bone":18,"gobber2:gobber2_gooey_beef":2,"minecraft:wheat_seeds":2,"minecraft:warped_stem":3,"minecraft:raw_gold":30,"minecraft:iron_ingot":1,"tombstone:bag_of_seeds":1,"gobber2:gobber2_gooey_beefstew_nether":2,"minecraft:soul_sand":3,"minecraft:oak_planks":2,"gobber2:gobber2_gooey_bread":1,"minecraft:warped_wart_block":28,"minecraft:quartz":55,"minecraft:raw_iron_block":4,"minecraft:gravel":47,"minecraft:spectral_arrow":19,"minecraft:crying_obsidian":10,"alexsmobs:animal_dictionary":1,"minecraft:spider_eye":3,"minecraft:bundle":1,"minecraft:diamond":7,"minecraft:granite":17,"minecraft:warped_roots":1,"minecraft:bread":1,"gobber2:gobber2_goo_nether":5,"minecraft:oak_sapling":15,"tombstone:magic_scroll":2,"minecraft:coal":138,"minecraft:netherrack":273,"gobber2:gobber2_goo":2,"minecraft:ender_pearl":1},"minecraft:mined":{"minecraft:nether_gold_ore":83,"minecraft:tuff":8,"minecraft:deepslate_diamond_ore":7,"minecraft:granite":17,"minecraft:grass_block":9,"minecraft:raw_iron_block":4,"minecraft:fire":117,"minecraft:iron_ore":81,"minecraft:cobbled_deepslate":2,"blockling_world:fireflower":1,"minecraft:andesite":6,"minecraft:deepslate_lapis_ore":5,"minecraft:deepslate_iron_ore":48,"minecraft:warped_stem":3,"minecraft:stone":96,"minecraft:crafting_table":1,"minecraft:calcite":6,"minecraft:warped_roots":1,"gobber2:gobber2_lucky_block_nether":15,"minecraft:nether_quartz_ore":25,"minecraft:lapis_ore":8,"minecraft:deepslate_gold_ore":11,"minecraft:sugar_cane":2,"minecraft:oak_planks":1,"minecraft:diorite":4,"minecraft:amethyst_block":1,"minecraft:warped_wart_block":35,"minecraft:magenta_bed":1,"gobber2:gobber2_lucky_block_deepslate":6,"minecraft:grass":10,"minecraft:oak_log":49,"minecraft:coal_ore":137,"minecraft:gravel":2,"minecraft:dirt":15,"minecraft:netherrack":260,"minecraft:gold_ore":18,"minecraft:oak_leaves":2,"minecraft:deepslate":69},"minecraft:used":{"minecraft:flint_and_steel":1,"minecraft:chest":6,"minecraft:shield":17,"minecraft:iron_sword":240,"minecraft:cooked_chicken":3,"minecraft:netherrack":39,"minecraft:torch":154,"gobber2:gobber2_goo_nether":1,"gobber2:gobber2_glass_nether":1,"minecraft:golden_shovel":13,"minecraft:tuff":5,"minecraft:lava_bucket":9,"minecraft:golden_sword":33,"minecraft:bow":6,"minecraft:furnace":10,"tombstone:gift":4,"minecraft:egg":8,"minecraft:cobbled_deepslate":14,"minecraft:water_bucket":31,"minecraft:amethyst_block":1,"minecraft:stone_pickaxe":142,"minecraft:oak_planks":2,"minecraft:wooden_pickaxe":38,"minecraft:crafting_table":9,"tombstone:bag_of_seeds":1,"minecraft:diamond_pickaxe":66,"minecraft:bread":1,"minecraft:iron_pickaxe":688,"minecraft:stone_axe":114,"minecraft:cobblestone":42,"minecraft:cooked_porkchop":27,"minecraft:bucket":41,"alexsmobs:animal_dictionary":1,"minecraft:oak_boat":7},"minecraft:broken":{"minecraft:stone_pickaxe":1,"minecraft:golden_sword":1,"minecraft:stone_axe":1,"minecraft:iron_pickaxe":2},"minecraft:killed":{"minecraft:spider":8,"minecraft:skeleton":15,"minecraft:chicken":4,"minecraft:magma_cube":17,"minecraft:piglin":1,"minecraft:pig":13,"minecraft:creeper":2,"minecraft:sheep":1,"minecraft:zombie":39,"minecraft:ghast":1,"minecraft:cow":12,"minecraft:enderman":2},"minecraft:crafted":{"minecraft:oak_planks":124,"minecraft:raw_iron":117,"minecraft:cooked_chicken":4,"minecraft:furnace":10,"minecraft:flint_and_steel":1,"minecraft:warped_planks":12,"minecraft:bow":1,"minecraft:stone_pickaxe":3,"minecraft:chest":6,"minecraft:raw_iron_block":9,"minecraft:cooked_porkchop":29,"minecraft:crafting_table":8,"minecraft:wooden_pickaxe":1,"minecraft:iron_helmet":1,"minecraft:iron_sword":1,"minecraft:bucket":1,"minecraft:stone_axe":1,"minecraft:air":0,"minecraft:oak_boat":1,"minecraft:iron_chestplate":1,"minecraft:diamond_pickaxe":1,"minecraft:shield":1,"minecraft:stick":76,"minecraft:iron_ingot":162,"minecraft:iron_pickaxe":4,"minecraft:iron_leggings":1,"minecraft:gold_ingot":40,"minecraft:torch":212}},"DataVersion":3465}