{"stats":{"minecraft:dropped":{"alexsmobs:animal_dictionary":1},"minecraft:picked_up":{"minecraft:stick":7,"minecraft:crafting_table":1,"minecraft:feather":2,"minecraft:chicken":4,"minecraft:leather":11,"minecraft:porkchop":29,"minecraft:oak_log":49,"alexsmobs:animal_dictionary":1,"minecraft:dirt":12,"minecraft:wheat_seeds":2,"minecraft:beef":18,"minecraft:bread":1,"minecraft:light_gray_wool":1,"minecraft:oak_sapling":15,"minecraft:sugar_cane":4,"minecraft:mutton":2,"minecraft:coal":20,"minecraft:cobblestone":44,"minecraft:egg":10},"minecraft:custom":{"minecraft:time_since_rest":2406,"minecraft:interact_with_furnace":11,"lootr:looted_stat":1,"minecraft:sprint_one_cm":53469,"minecraft:damage_taken":95,"minecraft:walk_one_cm":102107,"minecraft:mob_kills":30,"minecraft:drop":1,"minecraft:damage_dealt":2768,"minecraft:talked_to_villager":1,"minecraft:interact_with_crafting_table":7,"minecraft:fly_one_cm":91118,"minecraft:open_chest":1,"minecraft:crouch_one_cm":3480,"minecraft:play_time":28433,"minecraft:sneak_time":1184,"minecraft:jump":621,"minecraft:sleep_in_bed":1,"minecraft:walk_on_water_one_cm":317,"minecraft:time_since_death":28433,"minecraft:total_world_time":28433,"minecraft:fall_one_cm":14684,"minecraft:horse_one_cm":5879},"minecraft:mined":{"minecraft:crafting_table":1,"minecraft:grass":10,"minecraft:coal_ore":21,"minecraft:grass_block":9,"minecraft:oak_log":49,"minecraft:dirt":15,"minecraft:stone":44,"minecraft:sugar_cane":2,"minecraft:oak_leaves":2},"minecraft:used":{"minecraft:bread":1,"minecraft:stone_pickaxe":56,"minecraft:chest":1,"minecraft:wooden_pickaxe":12,"minecraft:cooked_chicken":3,"minecraft:stone_axe":74,"minecraft:golden_sword":6,"minecraft:crafting_table":2,"minecraft:furnace":2,"minecraft:egg":8,"minecraft:golden_shovel":12},"minecraft:killed":{"minecraft:sheep":1,"minecraft:pig":13,"minecraft:chicken":4,"minecraft:cow":12},"minecraft:crafted":{"minecraft:oak_planks":24,"minecraft:cooked_porkchop":29,"minecraft:crafting_table":1,"minecraft:stick":16,"minecraft:cooked_chicken":4,"minecraft:wooden_pickaxe":1,"minecraft:stone_pickaxe":1,"minecraft:chest":1,"minecraft:furnace":2,"minecraft:torch":24,"minecraft:stone_axe":1,"minecraft:air":0}},"DataVersion":3465}