{"stats":{"minecraft:dropped":{"alexsmobs:animal_dictionary":1},"minecraft:picked_up":{"minecraft:stick":7,"minecraft:crafting_table":1,"minecraft:feather":2,"minecraft:chicken":4,"minecraft:leather":11,"minecraft:porkchop":22,"minecraft:oak_log":49,"alexsmobs:animal_dictionary":1,"minecraft:dirt":12,"minecraft:wheat_seeds":2,"minecraft:beef":18,"minecraft:bread":1,"minecraft:light_gray_wool":1,"minecraft:oak_sapling":15,"minecraft:sugar_cane":4,"minecraft:mutton":2,"minecraft:coal":19,"minecraft:cobblestone":44,"minecraft:egg":4},"minecraft:custom":{"minecraft:time_since_rest":16433,"lootr:looted_stat":1,"minecraft:sprint_one_cm":35906,"minecraft:damage_taken":35,"minecraft:walk_one_cm":52161,"minecraft:mob_kills":27,"minecraft:drop":1,"minecraft:damage_dealt":2458,"minecraft:interact_with_crafting_table":2,"minecraft:fly_one_cm":67412,"minecraft:crouch_one_cm":3000,"minecraft:play_time":16433,"minecraft:sneak_time":1108,"minecraft:jump":430,"minecraft:walk_on_water_one_cm":317,"minecraft:time_since_death":16433,"minecraft:total_world_time":16433,"minecraft:fall_one_cm":8335},"minecraft:mined":{"minecraft:crafting_table":1,"minecraft:grass":9,"minecraft:coal_ore":19,"minecraft:grass_block":3,"minecraft:oak_log":49,"minecraft:dirt":9,"minecraft:stone":44,"minecraft:sugar_cane":2,"minecraft:oak_leaves":2},"minecraft:used":{"minecraft:bread":1,"minecraft:stone_pickaxe":54,"minecraft:wooden_pickaxe":12,"minecraft:stone_axe":73,"minecraft:crafting_table":1},"minecraft:killed":{"minecraft:sheep":1,"minecraft:pig":10,"minecraft:chicken":4,"minecraft:cow":12},"minecraft:crafted":{"minecraft:oak_planks":12,"minecraft:crafting_table":1,"minecraft:stick":4,"minecraft:wooden_pickaxe":1,"minecraft:stone_pickaxe":1,"minecraft:stone_axe":1}},"DataVersion":3465}