{"stats":{"minecraft:dropped":{"alexsmobs:animal_dictionary":1,"minecraft:rotten_flesh":19,"minecraft:diorite":1,"minecraft:torch":4,"minecraft:andesite":6},"minecraft:custom":{"minecraft:interact_with_furnace":29,"lootr:looted_stat":1,"minecraft:mob_kills":79,"minecraft:interact_with_crafting_table":20,"minecraft:leave_game":1,"minecraft:time_since_death":64165,"minecraft:sleep_in_bed":1,"minecraft:time_since_rest":38138,"minecraft:sprint_one_cm":163325,"minecraft:damage_taken":763,"minecraft:walk_one_cm":199424,"minecraft:damage_blocked_by_shield":220,"minecraft:drop":8,"minecraft:damage_dealt":11284,"minecraft:talked_to_villager":1,"minecraft:fly_one_cm":200212,"minecraft:open_chest":9,"minecraft:crouch_one_cm":14537,"minecraft:play_time":64165,"tombstone:undead_killed":38,"minecraft:sneak_time":5930,"minecraft:jump":1290,"minecraft:walk_on_water_one_cm":317,"minecraft:total_world_time":64165,"minecraft:fall_one_cm":34547,"minecraft:horse_one_cm":5879},"minecraft:picked_up":{"minecraft:crafting_table":1,"minecraft:feather":2,"minecraft:chicken":4,"minecraft:andesite":6,"minecraft:leather":11,"minecraft:potato":1,"minecraft:oak_log":49,"minecraft:gunpowder":3,"minecraft:amethyst_block":1,"minecraft:string":5,"minecraft:dirt":13,"minecraft:lapis_lazuli":38,"minecraft:bone":9,"minecraft:wheat_seeds":2,"minecraft:raw_gold":18,"minecraft:beef":18,"minecraft:oak_boat":7,"minecraft:calcite":6,"minecraft:light_gray_wool":1,"minecraft:sugar_cane":4,"minecraft:egg":10,"minecraft:stick":7,"minecraft:raw_iron":62,"minecraft:torch":4,"minecraft:porkchop":29,"tombstone:grave_dust":3,"minecraft:diorite":6,"minecraft:spider_eye":2,"alexsmobs:animal_dictionary":1,"minecraft:arrow":6,"minecraft:rotten_flesh":30,"minecraft:granite":17,"minecraft:bread":1,"tombstone:essence_of_undeath":1,"tombstone:magic_scroll":1,"minecraft:oak_sapling":15,"minecraft:mutton":2,"minecraft:coal":113,"minecraft:cobblestone":93,"minecraft:ender_pearl":1},"minecraft:mined":{"minecraft:crafting_table":1,"minecraft:granite":17,"minecraft:calcite":6,"minecraft:grass_block":9,"minecraft:lapis_ore":8,"minecraft:sugar_cane":2,"minecraft:diorite":3,"minecraft:amethyst_block":1,"minecraft:iron_ore":62,"minecraft:andesite":6,"minecraft:grass":10,"minecraft:coal_ore":112,"minecraft:oak_log":49,"minecraft:dirt":15,"minecraft:stone":86,"minecraft:gold_ore":18,"minecraft:oak_leaves":2},"minecraft:used":{"minecraft:amethyst_block":1,"minecraft:stone_pickaxe":131,"minecraft:chest":4,"minecraft:shield":7,"minecraft:wooden_pickaxe":38,"minecraft:iron_sword":130,"minecraft:cooked_chicken":3,"minecraft:torch":90,"minecraft:crafting_table":6,"minecraft:golden_shovel":13,"minecraft:bread":1,"minecraft:iron_pickaxe":158,"minecraft:stone_axe":74,"minecraft:golden_sword":33,"minecraft:furnace":6,"minecraft:cooked_porkchop":9,"minecraft:bucket":1,"minecraft:oak_boat":7,"alexsmobs:animal_dictionary":1,"tombstone:gift":2,"minecraft:egg":8},"minecraft:killed":{"minecraft:pig":13,"minecraft:spider":4,"minecraft:creeper":2,"minecraft:sheep":1,"minecraft:skeleton":7,"minecraft:zombie":31,"minecraft:chicken":4,"minecraft:enderman":2,"minecraft:cow":12},"minecraft:broken":{"minecraft:stone_pickaxe":1,"minecraft:golden_sword":1},"minecraft:crafted":{"minecraft:oak_planks":88,"minecraft:cooked_porkchop":29,"minecraft:crafting_table":5,"minecraft:wooden_pickaxe":1,"minecraft:cooked_chicken":4,"minecraft:iron_helmet":1,"minecraft:iron_sword":1,"minecraft:furnace":6,"minecraft:bucket":1,"minecraft:stone_axe":1,"minecraft:air":0,"minecraft:oak_boat":1,"minecraft:iron_chestplate":1,"minecraft:shield":1,"minecraft:stick":40,"minecraft:iron_pickaxe":2,"minecraft:iron_ingot":48,"minecraft:stone_pickaxe":3,"minecraft:chest":4,"minecraft:torch":112}},"DataVersion":3465}