{"stats":{"minecraft:picked_up":{"minecraft:charcoal":2,"minecraft:crafting_table":1,"minecraft:splash_potion":1,"minecraft:chicken":4,"blockling_world:rubyore":9,"artifacts:bunny_hoppers":1,"minecraft:potion":3,"minecraft:nether_brick":23,"minecraft:amethyst_block":1,"minecraft:string":27,"gobber2:gobber2_glass_nether":4,"minecraft:blackstone":18,"minecraft:gold_nugget":338,"minecraft:cobbled_deepslate":2819,"minecraft:beef":18,"minecraft:oak_boat":7,"minecraft:calcite":6,"minecraft:iron_nugget":22,"minecraft:light_gray_wool":1,"minecraft:sugar_cane":4,"minecraft:iron_boots":1,"minecraft:egg":10,"minecraft:stick":8,"minecraft:raw_iron":131,"minecraft:torch":28,"minecraft:fire_charge":2,"minecraft:porkchop":29,"tombstone:grave_dust":6,"minecraft:diorite":7,"minecraft:redstone":296,"twilightforest:transformation_chest":1,"minecraft:arrow":24,"minecraft:rotten_flesh":44,"gobber2:gobber2_gooey_beef_nether":3,"tombstone:essence_of_undeath":1,"minecraft:gold_ingot":8,"minecraft:mutton":2,"minecraft:obsidian":1,"minecraft:cobblestone":102,"minecraft:feather":2,"minecraft:magma_cream":1,"blockling_world:fireflower":2,"minecraft:water_bucket":1,"minecraft:andesite":6,"minecraft:leather":39,"gobber2:gobber2_gooey_beefstew":1,"minecraft:potato":1,"minecraft:flint":9,"minecraft:tuff":168,"minecraft:oak_log":65,"minecraft:magenta_bed":1,"gobber2:gobber2_gooey_bread_nether":1,"minecraft:gunpowder":7,"minecraft:lapis_lazuli":151,"minecraft:dirt":13,"minecraft:bone":18,"minecraft:bow":2,"gobber2:gobber2_gooey_beef":2,"minecraft:wheat_seeds":2,"minecraft:warped_stem":3,"minecraft:raw_gold":42,"minecraft:iron_ingot":1,"tombstone:bag_of_seeds":1,"gobber2:gobber2_gooey_beefstew_nether":2,"minecraft:glass_bottle":3,"minecraft:oak_planks":2,"minecraft:soul_sand":3,"gobber2:gobber2_gooey_bread":1,"minecraft:warped_wart_block":28,"minecraft:quartz":55,"minecraft:raw_iron_block":4,"minecraft:gravel":165,"minecraft:mossy_cobblestone":3,"minecraft:crying_obsidian":10,"minecraft:spectral_arrow":19,"minecraft:spider_eye":3,"alexsmobs:animal_dictionary":1,"minecraft:bundle":1,"minecraft:diamond":34,"minecraft:granite":17,"minecraft:bread":1,"minecraft:warped_roots":1,"minecraft:netherrack":273,"tombstone:magic_scroll":2,"minecraft:oak_sapling":15,"gobber2:gobber2_goo":2,"minecraft:coal":146,"gobber2:gobber2_goo_nether":5,"minecraft:ender_pearl":1,"minecraft:diamond_pickaxe":1},"minecraft:dropped":{"minecraft:water_bucket":1,"minecraft:iron_sword":1,"minecraft:oak_log":16,"minecraft:warped_roots":1,"minecraft:stick":1,"minecraft:diorite":1,"minecraft:torch":4,"tombstone:grave_dust":1,"minecraft:gold_ingot":48,"minecraft:gravel":47,"alexsmobs:animal_dictionary":1,"minecraft:tuff":5,"minecraft:raw_iron":1,"minecraft:rotten_flesh":29,"minecraft:oak_planks":1,"minecraft:gunpowder":8,"minecraft:andesite":6,"blockling_world:fireflower":2,"minecraft:arrow":6,"minecraft:bow":1,"minecraft:stone_pickaxe":1,"minecraft:raw_gold":1,"minecraft:warped_wart_block":28,"minecraft:netherrack":8},"minecraft:custom":{"minecraft:interact_with_smithing_table":1,"lootr:looted_stat":6,"minecraft:mob_kills":128,"minecraft:interact_with_crafting_table":51,"minecraft:open_barrel":6,"goblintraders:trade_with_goblin":12,"minecraft:leave_game":3,"minecraft:time_since_death":106912,"minecraft:sprint_one_cm":733693,"minecraft:walk_one_cm":740770,"minecraft:damage_blocked_by_shield":475,"minecraft:drop":80,"minecraft:talked_to_villager":1,"minecraft:play_time":277415,"minecraft:deaths":1,"minecraft:sneak_time":11428,"minecraft:walk_under_water_one_cm":14568,"minecraft:jump":4972,"minecraft:walk_on_water_one_cm":19886,"minecraft:total_world_time":277415,"minecraft:interact_with_furnace":68,"minecraft:sleep_in_bed":1,"minecraft:time_since_rest":104513,"minecraft:damage_taken":2880,"minecraft:damage_dealt":17395,"minecraft:fly_one_cm":881563,"minecraft:swim_one_cm":7439,"minecraft:open_chest":77,"minecraft:crouch_one_cm":33821,"tombstone:undead_killed":58,"minecraft:fall_one_cm":177754,"minecraft:horse_one_cm":5879},"minecraft:broken":{"minecraft:stone_pickaxe":1,"minecraft:golden_sword":1,"minecraft:diamond_pickaxe":1,"minecraft:stone_axe":1,"minecraft:iron_pickaxe":2},"minecraft:mined":{"minecraft:nether_gold_ore":83,"blockling_world:rubyore":9,"minecraft:tuff":166,"minecraft:mossy_cobblestone":3,"minecraft:deepslate_diamond_ore":34,"minecraft:granite":17,"minecraft:grass_block":9,"minecraft:raw_iron_block":4,"minecraft:cobbled_deepslate":4,"minecraft:iron_ore":81,"minecraft:fire":117,"blockling_world:fireflower":1,"minecraft:andesite":6,"minecraft:deepslate_lapis_ore":17,"minecraft:deepslate_iron_ore":54,"minecraft:warped_stem":3,"minecraft:stone":96,"minecraft:deepslate_redstone_ore":66,"minecraft:crafting_table":1,"minecraft:torch":7,"minecraft:calcite":6,"minecraft:warped_roots":1,"gobber2:gobber2_lucky_block_nether":15,"minecraft:nether_quartz_ore":25,"minecraft:deepslate_gold_ore":21,"minecraft:lapis_ore":8,"minecraft:sugar_cane":2,"minecraft:oak_planks":1,"minecraft:diorite":4,"minecraft:amethyst_block":1,"minecraft:wall_torch":8,"minecraft:warped_wart_block":35,"minecraft:magenta_bed":1,"gobber2:gobber2_lucky_block_deepslate":8,"minecraft:grass":10,"minecraft:oak_log":49,"minecraft:coal_ore":137,"minecraft:gravel":96,"minecraft:dirt":15,"minecraft:netherrack":260,"minecraft:gold_ore":18,"minecraft:deepslate":2816,"minecraft:oak_leaves":2},"minecraft:used":{"minecraft:flint_and_steel":1,"minecraft:chest":10,"minecraft:shield":17,"minecraft:iron_sword":254,"minecraft:cooked_chicken":4,"minecraft:rotten_flesh":10,"minecraft:netherrack":39,"minecraft:torch":268,"gobber2:gobber2_goo_nether":1,"gobber2:gobber2_glass_nether":1,"minecraft:golden_shovel":13,"minecraft:tuff":25,"minecraft:lava_bucket":9,"minecraft:golden_sword":33,"minecraft:bow":16,"minecraft:furnace":10,"tombstone:gift":6,"minecraft:egg":8,"minecraft:cobbled_deepslate":66,"minecraft:water_bucket":44,"minecraft:amethyst_block":1,"minecraft:stone_pickaxe":142,"minecraft:oak_planks":2,"minecraft:wooden_pickaxe":38,"minecraft:crafting_table":10,"tombstone:bag_of_seeds":1,"minecraft:diamond_pickaxe":3081,"minecraft:diamond_shovel":98,"minecraft:bread":2,"minecraft:iron_pickaxe":722,"gobber2:gobber2_gooey_beefstew_nether":2,"minecraft:stone_axe":114,"minecraft:cobblestone":42,"minecraft:cooked_porkchop":29,"minecraft:bucket":54,"minecraft:oak_boat":7,"alexsmobs:animal_dictionary":1,"gobber2:gobber2_gooey_beef_nether":3},"minecraft:killed":{"minecraft:spider":8,"minecraft:skeleton":17,"minecraft:chicken":4,"alexsmobs:centipede_head":1,"minecraft:magma_cube":17,"minecraft:piglin":1,"minecraft:pig":13,"minecraft:creeper":3,"minecraft:sheep":1,"minecraft:zombie":41,"minecraft:ghast":1,"minecraft:enderman":2,"minecraft:cow":12},"minecraft:crafted":{"minecraft:oak_planks":164,"minecraft:raw_iron":117,"minecraft:cooked_chicken":4,"minecraft:furnace":10,"minecraft:flint_and_steel":1,"minecraft:warped_planks":12,"minecraft:diamond_helmet":1,"minecraft:diamond_leggings":1,"minecraft:bow":1,"tombstone:grave_key":1,"minecraft:stone_pickaxe":3,"minecraft:chest":10,"minecraft:diamond_boots":1,"minecraft:redstone_block":24,"minecraft:raw_iron_block":9,"minecraft:cooked_porkchop":29,"minecraft:crafting_table":9,"minecraft:wooden_pickaxe":1,"minecraft:iron_helmet":1,"minecraft:iron_sword":1,"minecraft:bucket":1,"minecraft:stone_axe":1,"minecraft:air":0,"minecraft:oak_boat":1,"minecraft:iron_chestplate":1,"minecraft:diamond_pickaxe":1,"minecraft:shield":1,"minecraft:flint":14,"minecraft:stick":88,"minecraft:iron_pickaxe":4,"minecraft:iron_ingot":162,"minecraft:iron_leggings":1,"minecraft:gold_ingot":55,"minecraft:torch":244,"minecraft:diamond_chestplate":1}},"DataVersion":3465}