{"stats":{"minecraft:dropped":{"alexsmobs:animal_dictionary":1,"minecraft:rotten_flesh":19,"minecraft:diorite":1,"minecraft:torch":1,"minecraft:andesite":6},"minecraft:custom":{"lootr:looted_stat":1,"minecraft:interact_with_furnace":21,"minecraft:mob_kills":63,"minecraft:interact_with_crafting_table":15,"minecraft:time_since_death":52433,"minecraft:sleep_in_bed":1,"minecraft:time_since_rest":26406,"minecraft:sprint_one_cm":114899,"minecraft:damage_taken":585,"minecraft:walk_one_cm":166338,"minecraft:damage_blocked_by_shield":220,"minecraft:drop":5,"minecraft:damage_dealt":8074,"minecraft:talked_to_villager":1,"minecraft:fly_one_cm":135878,"minecraft:open_chest":4,"minecraft:crouch_one_cm":13530,"minecraft:play_time":52433,"tombstone:undead_killed":29,"minecraft:sneak_time":5562,"minecraft:jump":953,"minecraft:walk_on_water_one_cm":317,"minecraft:total_world_time":52433,"minecraft:fall_one_cm":23265,"minecraft:horse_one_cm":5879},"minecraft:picked_up":{"minecraft:crafting_table":1,"minecraft:feather":2,"minecraft:chicken":4,"minecraft:andesite":6,"minecraft:leather":11,"minecraft:oak_log":49,"minecraft:lapis_lazuli":28,"minecraft:dirt":12,"minecraft:bone":8,"minecraft:wheat_seeds":2,"minecraft:raw_gold":9,"minecraft:beef":18,"minecraft:oak_boat":6,"minecraft:calcite":6,"minecraft:light_gray_wool":1,"minecraft:sugar_cane":4,"minecraft:egg":10,"minecraft:stick":7,"minecraft:raw_iron":36,"minecraft:torch":1,"minecraft:porkchop":29,"tombstone:grave_dust":3,"minecraft:diorite":4,"alexsmobs:animal_dictionary":1,"minecraft:arrow":6,"minecraft:rotten_flesh":24,"minecraft:granite":16,"tombstone:essence_of_undeath":1,"minecraft:bread":1,"tombstone:magic_scroll":1,"minecraft:oak_sapling":15,"minecraft:mutton":2,"minecraft:coal":87,"minecraft:ender_pearl":1,"minecraft:cobblestone":86},"minecraft:mined":{"minecraft:crafting_table":1,"minecraft:granite":16,"minecraft:grass_block":9,"minecraft:calcite":6,"minecraft:lapis_ore":6,"minecraft:sugar_cane":2,"minecraft:diorite":1,"minecraft:iron_ore":36,"minecraft:andesite":6,"minecraft:grass":10,"minecraft:oak_log":49,"minecraft:coal_ore":86,"minecraft:dirt":15,"minecraft:stone":79,"minecraft:gold_ore":9,"minecraft:oak_leaves":2},"minecraft:used":{"minecraft:stone_pickaxe":130,"minecraft:shield":7,"minecraft:chest":2,"minecraft:wooden_pickaxe":38,"minecraft:iron_sword":72,"minecraft:cooked_chicken":3,"minecraft:torch":67,"minecraft:crafting_table":6,"minecraft:golden_shovel":13,"minecraft:bread":1,"minecraft:iron_pickaxe":85,"minecraft:stone_axe":74,"minecraft:golden_sword":33,"minecraft:furnace":4,"minecraft:cooked_porkchop":5,"minecraft:oak_boat":6,"tombstone:gift":2,"alexsmobs:animal_dictionary":1,"minecraft:egg":8},"minecraft:killed":{"minecraft:pig":13,"minecraft:skeleton":6,"minecraft:sheep":1,"minecraft:zombie":23,"minecraft:chicken":4,"minecraft:enderman":1,"minecraft:cow":12},"minecraft:broken":{"minecraft:stone_pickaxe":1,"minecraft:golden_sword":1},"minecraft:crafted":{"minecraft:oak_planks":72,"minecraft:cooked_porkchop":29,"minecraft:crafting_table":5,"minecraft:wooden_pickaxe":1,"minecraft:cooked_chicken":4,"minecraft:iron_sword":1,"minecraft:furnace":4,"minecraft:stone_axe":1,"minecraft:air":0,"minecraft:oak_boat":1,"minecraft:shield":1,"minecraft:stick":40,"minecraft:iron_ingot":11,"minecraft:iron_pickaxe":2,"minecraft:stone_pickaxe":3,"minecraft:chest":2,"minecraft:torch":112}},"DataVersion":3465}