{"stats":{"minecraft:dropped":{"alexsmobs:animal_dictionary":1,"minecraft:torch":1},"minecraft:custom":{"lootr:looted_stat":1,"minecraft:interact_with_furnace":21,"minecraft:mob_kills":51,"minecraft:interact_with_crafting_table":13,"minecraft:time_since_death":40433,"minecraft:sleep_in_bed":1,"minecraft:time_since_rest":14406,"minecraft:sprint_one_cm":86011,"minecraft:damage_taken":491,"minecraft:walk_one_cm":133336,"minecraft:damage_blocked_by_shield":30,"minecraft:drop":2,"minecraft:damage_dealt":5626,"minecraft:talked_to_villager":1,"minecraft:fly_one_cm":105307,"minecraft:open_chest":4,"minecraft:crouch_one_cm":8308,"minecraft:play_time":40433,"tombstone:undead_killed":18,"minecraft:sneak_time":3762,"minecraft:jump":747,"minecraft:walk_on_water_one_cm":317,"minecraft:total_world_time":40433,"minecraft:fall_one_cm":17715,"minecraft:horse_one_cm":5879},"minecraft:picked_up":{"minecraft:crafting_table":1,"minecraft:feather":2,"minecraft:chicken":4,"minecraft:leather":11,"minecraft:oak_log":49,"minecraft:dirt":12,"minecraft:bone":2,"minecraft:wheat_seeds":2,"minecraft:beef":18,"minecraft:light_gray_wool":1,"minecraft:sugar_cane":4,"minecraft:egg":10,"minecraft:stick":7,"minecraft:raw_iron":11,"minecraft:torch":1,"minecraft:porkchop":29,"tombstone:grave_dust":1,"minecraft:diorite":3,"alexsmobs:animal_dictionary":1,"minecraft:arrow":1,"minecraft:rotten_flesh":18,"minecraft:granite":16,"tombstone:essence_of_undeath":1,"minecraft:bread":1,"minecraft:oak_sapling":15,"minecraft:mutton":2,"minecraft:coal":32,"minecraft:cobblestone":73},"minecraft:mined":{"minecraft:crafting_table":1,"minecraft:granite":16,"minecraft:grass_block":9,"minecraft:sugar_cane":2,"minecraft:iron_ore":11,"minecraft:grass":10,"minecraft:oak_log":49,"minecraft:coal_ore":31,"minecraft:dirt":15,"minecraft:stone":69,"minecraft:oak_leaves":2},"minecraft:used":{"minecraft:stone_pickaxe":122,"minecraft:shield":1,"minecraft:chest":2,"minecraft:wooden_pickaxe":12,"minecraft:iron_sword":34,"minecraft:cooked_chicken":3,"minecraft:torch":41,"minecraft:crafting_table":4,"minecraft:golden_shovel":13,"minecraft:bread":1,"minecraft:stone_axe":74,"minecraft:golden_sword":33,"minecraft:furnace":4,"minecraft:cooked_porkchop":4,"alexsmobs:animal_dictionary":1,"minecraft:egg":8},"minecraft:broken":{"minecraft:golden_sword":1},"minecraft:killed":{"minecraft:pig":13,"minecraft:skeleton":1,"minecraft:sheep":1,"minecraft:zombie":17,"minecraft:chicken":4,"minecraft:cow":12},"minecraft:crafted":{"minecraft:oak_planks":48,"minecraft:cooked_porkchop":29,"minecraft:crafting_table":3,"minecraft:wooden_pickaxe":1,"minecraft:cooked_chicken":4,"minecraft:iron_sword":1,"minecraft:furnace":4,"minecraft:stone_axe":1,"minecraft:air":0,"minecraft:shield":1,"minecraft:stick":16,"minecraft:iron_ingot":11,"minecraft:stone_pickaxe":1,"minecraft:chest":2,"minecraft:torch":44}},"DataVersion":3465}