{"stats":{"minecraft:dropped":{"minecraft:enchanted_book":1,"minecraft:gravel":8,"minecraft:cooked_beef":1,"alexsmobs:animal_dictionary":2,"minecraft:cobbled_deepslate":1,"minecraft:raw_copper":9,"minecraft:golden_pickaxe":1,"minecraft:chicken":2,"minecraft:rotten_flesh":23,"minecraft:grindstone":1,"minecraft:apple":4,"minecraft:granite":14,"minecraft:flint":3,"minecraft:poppy":1,"minecraft:dirt":4,"minecraft:diorite":5,"alexsmobs:flying_fish":2,"minecraft:charcoal":3,"minecraft:andesite":12,"minecraft:oak_sapling":25,"tombstone:grave_dust":3,"minecraft:spider_eye":3,"minecraft:arrow":7,"minecraft:bow":1,"minecraft:string":2,"minecraft:egg":2},"minecraft:custom":{"minecraft:interact_with_furnace":16,"lootr:looted_stat":11,"minecraft:mob_kills":59,"tombstone:raider_killed":1,"minecraft:interact_with_crafting_table":13,"minecraft:sleep_in_bed":1,"minecraft:leave_game":2,"minecraft:time_since_death":62498,"minecraft:time_since_rest":12260,"minecraft:sprint_one_cm":234523,"minecraft:damage_taken":886,"minecraft:walk_one_cm":191284,"minecraft:damage_blocked_by_shield":765,"minecraft:drop":43,"minecraft:damage_dealt":8817,"minecraft:swim_one_cm":30939,"minecraft:fly_one_cm":229187,"minecraft:crouch_one_cm":686,"minecraft:play_time":62498,"tombstone:undead_killed":34,"minecraft:sneak_time":117,"minecraft:walk_under_water_one_cm":3978,"minecraft:jump":1200,"minecraft:walk_on_water_one_cm":10058,"minecraft:total_world_time":62498,"minecraft:fall_one_cm":32487},"minecraft:picked_up":{"minecraft:crafting_table":5,"minecraft:cooked_beef":1,"minecraft:chicken":2,"croptopia:peach":3,"minecraft:andesite":12,"minecraft:leather":5,"paraglider:spirit_orb":4,"minecraft:tuff":2,"minecraft:flint":3,"minecraft:oak_log":122,"minecraft:lapis_lazuli":8,"minecraft:dirt":19,"minecraft:string":24,"minecraft:raw_copper":9,"minecraft:apple":4,"minecraft:bow":1,"minecraft:wheat_seeds":1,"minecraft:cobbled_deepslate":81,"minecraft:raw_gold":8,"minecraft:grindstone":1,"minecraft:beef":10,"minecraft:poppy":1,"minecraft:sugar_cane":2,"minecraft:oak_planks":1,"minecraft:birch_sapling":3,"minecraft:furnace":2,"minecraft:egg":2,"minecraft:raw_iron":33,"minecraft:stick":14,"minecraft:torch":3,"minecraft:raw_iron_block":1,"minecraft:gravel":12,"minecraft:white_bed":3,"tombstone:grave_dust":3,"minecraft:diorite":5,"minecraft:carrot":1,"minecraft:redstone":39,"minecraft:spider_eye":4,"alexsmobs:animal_dictionary":1,"artifacts:everlasting_beef":1,"minecraft:arrow":7,"minecraft:rotten_flesh":23,"minecraft:diamond":22,"minecraft:granite":16,"tombstone:magic_scroll":1,"minecraft:oak_sapling":25,"minecraft:mutton":12,"minecraft:coal":23,"alexsmobs:flying_fish":2,"minecraft:white_wool":7,"minecraft:cobblestone":73},"minecraft:mined":{"minecraft:deepslate_redstone_ore":8,"minecraft:tuff":2,"minecraft:white_bed":3,"minecraft:deepslate_diamond_ore":23,"minecraft:crafting_table":5,"minecraft:torch":1,"minecraft:granite":10,"minecraft:grass_block":5,"minecraft:poppy":1,"minecraft:cobblestone":1,"minecraft:copper_ore":1,"minecraft:tall_grass":3,"minecraft:deepslate_gold_ore":7,"minecraft:grindstone":1,"minecraft:sugar_cane":2,"minecraft:diorite":5,"minecraft:wall_torch":2,"minecraft:spawner":3,"minecraft:raw_iron_block":1,"minecraft:furnace":2,"minecraft:iron_ore":6,"minecraft:fire":1,"minecraft:andesite":12,"minecraft:deepslate_lapis_ore":1,"croptopia:peach_crop":3,"minecraft:grass":10,"minecraft:oak_log":88,"minecraft:coal_ore":24,"minecraft:deepslate_iron_ore":30,"minecraft:gravel":10,"minecraft:dirt":14,"minecraft:cobweb":20,"minecraft:stone":72,"minecraft:deepslate":118,"minecraft:oak_leaves":3},"minecraft:used":{"minecraft:cooked_mutton":6,"minecraft:stone_sword":85,"minecraft:stone_pickaxe":143,"minecraft:shield":19,"minecraft:wooden_pickaxe":13,"minecraft:iron_sword":159,"minecraft:torch":110,"minecraft:dirt":4,"minecraft:mutton":2,"minecraft:crafting_table":5,"minecraft:carrot":2,"minecraft:white_bed":3,"minecraft:oak_log":5,"minecraft:bread":3,"minecraft:iron_pickaxe":162,"minecraft:stone_axe":99,"artifacts:everlasting_beef":2,"minecraft:cobblestone":2,"minecraft:beef":3,"minecraft:furnace":3,"tombstone:gift":1,"alexsmobs:animal_dictionary":2,"minecraft:cobbled_deepslate":2,"minecraft:cooked_beef":7,"minecraft:golden_pickaxe":41},"minecraft:killed":{"minecraft:cave_spider":2,"minecraft:witch":1,"alexsmobs:seal":1,"minecraft:spider":4,"minecraft:sheep":7,"minecraft:skeleton":9,"minecraft:zombie":25,"minecraft:chicken":2,"minecraft:cow":7},"minecraft:broken":{"minecraft:stone_pickaxe":1},"minecraft:crafted":{"minecraft:cooked_beef":7,"minecraft:oak_planks":28,"minecraft:crafting_table":1,"minecraft:wooden_pickaxe":1,"minecraft:iron_sword":1,"minecraft:furnace":1,"minecraft:stone_axe":1,"minecraft:cooked_mutton":10,"minecraft:air":0,"minecraft:charcoal":13,"minecraft:shield":1,"minecraft:stick":24,"minecraft:iron_pickaxe":1,"minecraft:iron_ingot":23,"minecraft:stone_pickaxe":2,"minecraft:stone_sword":1,"minecraft:white_bed":1,"minecraft:torch":104}},"DataVersion":3465}