{"stats":{"minecraft:picked_up":{"minecraft:crafting_table":8,"minecraft:chicken":2,"croptopia:peach":3,"blockling_world:rubyore":1,"minecraft:wooden_pickaxe":2,"biomesoplenty:jacaranda_sapling":47,"minecraft:string":76,"minecraft:raw_copper":9,"minecraft:cooked_salmon":3,"minecraft:cobbled_deepslate":336,"minecraft:beef":10,"minecraft:poppy":1,"minecraft:sugar_cane":20,"minecraft:birch_sapling":57,"minecraft:furnace":2,"minecraft:egg":4,"minecraft:stick":199,"minecraft:raw_iron":77,"minecraft:torch":11,"tombstone:grave_dust":10,"minecraft:diorite":5,"minecraft:carrot":1,"minecraft:redstone":126,"artifacts:everlasting_beef":1,"minecraft:stone_sword":1,"minecraft:arrow":48,"minecraft:rotten_flesh":91,"biomesoplenty:jacaranda_log":101,"minecraft:mutton":12,"minecraft:stripped_oak_log":2,"minecraft:white_wool":7,"alexsmobs:flying_fish":2,"minecraft:cobblestone":113,"biomesoplenty:lavender":10,"minecraft:birch_log":109,"minecraft:cooked_beef":1,"minecraft:andesite":24,"minecraft:leather":19,"gobber2:gobber2_gooey_beefstew":4,"minecraft:potato":1,"paraglider:spirit_orb":6,"minecraft:flint":8,"minecraft:tuff":40,"minecraft:oak_log":657,"minecraft:stripped_birch_log":2,"biomesoplenty:jacaranda_planks":62,"minecraft:gunpowder":4,"minecraft:lapis_lazuli":8,"minecraft:dirt":541,"tombstone:gift":1,"minecraft:bone":64,"minecraft:apple":25,"minecraft:bow":4,"gobber2:gobber2_gooey_beef":2,"minecraft:wheat_seeds":7,"minecraft:raw_gold":8,"minecraft:iron_ingot":1,"minecraft:grindstone":1,"minecraft:stone_pickaxe":2,"minecraft:iron_sword":1,"minecraft:oak_planks":9,"gobber2:gobber2_gooey_bread":5,"minecraft:raw_iron_block":1,"minecraft:gravel":50,"minecraft:sand":22,"minecraft:white_bed":6,"minecraft:jungle_slab":1,"minecraft:spider_eye":11,"alexsmobs:animal_dictionary":1,"minecraft:mossy_cobblestone":1,"minecraft:bundle":1,"tombstone:familiar_stone":1,"minecraft:sugar":3,"minecraft:diamond":39,"minecraft:stone_axe":3,"minecraft:granite":24,"minecraft:golden_horse_armor":1,"tombstone:magic_scroll":3,"minecraft:oak_sapling":199,"minecraft:coal":41,"gobber2:gobber2_goo":3},"minecraft:dropped":{"minecraft:enchanted_book":1,"minecraft:wheat_seeds":6,"minecraft:iron_sword":2,"minecraft:birch_planks":4,"minecraft:golden_helmet":1,"minecraft:cooked_beef":1,"minecraft:oak_log":2,"minecraft:tnt":2,"minecraft:golden_pickaxe":1,"minecraft:mossy_cobblestone":1,"minecraft:crafting_table":3,"biomesoplenty:lavender":5,"minecraft:prismarine_crystals":22,"minecraft:cobblestone":12,"minecraft:apple":4,"minecraft:granite":15,"minecraft:coal":2,"paraglider:spirit_orb":6,"minecraft:stick":7,"minecraft:flint":8,"minecraft:jungle_slab":1,"minecraft:dirt":15,"minecraft:diorite":5,"tombstone:magic_scroll":1,"alexsmobs:flying_fish":2,"minecraft:cooked_salmon":3,"minecraft:stripped_birch_log":2,"tombstone:grave_dust":8,"minecraft:sand":8,"minecraft:bone_meal":69,"minecraft:heart_of_the_sea":2,"gobber2:gobber2_goo":1,"minecraft:sugar":3,"minecraft:string":2,"minecraft:white_wool":1,"blockling_world:rubyore":1,"minecraft:gravel":36,"minecraft:stone_axe":3,"alexsmobs:animal_dictionary":2,"minecraft:stone_sword":1,"minecraft:cobbled_deepslate":262,"minecraft:raw_copper":9,"minecraft:birch_sapling":27,"minecraft:tuff":39,"gobber2:gobber2_gooey_beef":2,"tombstone:gift":2,"minecraft:chicken":2,"minecraft:rotten_flesh":61,"minecraft:grindstone":1,"minecraft:oak_planks":9,"minecraft:stripped_oak_log":1,"minecraft:filled_map":1,"minecraft:poppy":1,"minecraft:gunpowder":4,"minecraft:charcoal":3,"minecraft:andesite":18,"minecraft:melon_seeds":2,"minecraft:golden_leggings":1,"minecraft:oak_sapling":144,"minecraft:spider_eye":9,"minecraft:arrow":7,"minecraft:stone_pickaxe":2,"minecraft:bow":3,"minecraft:wooden_pickaxe":3,"minecraft:egg":3},"minecraft:custom":{"minecraft:interact_with_smithing_table":2,"lootr:looted_stat":18,"minecraft:mob_kills":157,"minecraft:interact_with_crafting_table":52,"goblintraders:trade_with_goblin":10,"minecraft:leave_game":2,"minecraft:time_since_death":106882,"minecraft:sprint_one_cm":595766,"minecraft:walk_one_cm":675940,"minecraft:damage_blocked_by_shield":1850,"minecraft:drop":140,"minecraft:play_time":230052,"minecraft:deaths":3,"minecraft:sneak_time":5405,"minecraft:walk_under_water_one_cm":49918,"minecraft:jump":3198,"minecraft:walk_on_water_one_cm":34330,"minecraft:total_world_time":230052,"minecraft:interact_with_furnace":31,"tombstone:raider_killed":2,"minecraft:sleep_in_bed":4,"minecraft:time_since_rest":45526,"minecraft:damage_taken":4758,"minecraft:damage_dealt":26887,"minecraft:swim_one_cm":189151,"minecraft:fly_one_cm":525294,"minecraft:open_chest":44,"minecraft:crouch_one_cm":11184,"tombstone:undead_killed":110,"minecraft:fall_one_cm":77715},"minecraft:broken":{"minecraft:iron_shovel":1,"minecraft:stone_pickaxe":1,"minecraft:iron_axe":3,"minecraft:iron_sword":1,"minecraft:iron_pickaxe":2},"minecraft:mined":{"minecraft:tuff":40,"blockling_world:rubyore":1,"minecraft:white_bed":5,"minecraft:mossy_cobblestone":1,"minecraft:deepslate_diamond_ore":40,"minecraft:jungle_slab":1,"minecraft:stripped_birch_log":1,"minecraft:granite":18,"minecraft:grass_block":297,"biomesoplenty:jacaranda_sapling":3,"minecraft:spawner":5,"biomesoplenty:tall_lavender":1,"biomesoplenty:jacaranda_log":116,"minecraft:raw_iron_block":1,"minecraft:furnace":2,"minecraft:iron_ore":15,"minecraft:fire":1,"biomesoplenty:lavender":2,"minecraft:andesite":18,"minecraft:deepslate_lapis_ore":1,"croptopia:peach_crop":3,"biomesoplenty:high_grass":29,"minecraft:deepslate_iron_ore":66,"minecraft:stripped_oak_log":1,"minecraft:stone":105,"minecraft:deepslate_redstone_ore":27,"biomesoplenty:jacaranda_planks":61,"minecraft:crafting_table":7,"minecraft:torch":5,"minecraft:poppy":1,"biomesoplenty:high_grass_plant":40,"minecraft:cobblestone":7,"minecraft:tall_grass":7,"minecraft:copper_ore":1,"minecraft:deepslate_coal_ore":1,"minecraft:deepslate_gold_ore":7,"minecraft:grindstone":1,"minecraft:sugar_cane":12,"minecraft:diorite":5,"minecraft:wall_torch":4,"minecraft:coarse_dirt":1,"minecraft:birch_log":176,"minecraft:bee_nest":1,"gobber2:gobber2_lucky_block_deepslate":17,"minecraft:grass":58,"minecraft:coal_ore":40,"minecraft:oak_log":470,"minecraft:gravel":49,"minecraft:sand":27,"minecraft:dirt":38,"minecraft:cobweb":22,"minecraft:gold_ore":1,"minecraft:oak_leaves":18,"minecraft:deepslate":462},"minecraft:used":{"minecraft:iron_shovel":301,"minecraft:stone_sword":85,"gobber2:gobber2_goo":2,"gobber2:gobber2_gooey_bread":5,"minecraft:chest":6,"minecraft:shield":51,"minecraft:iron_sword":473,"minecraft:rotten_flesh":15,"minecraft:cooked_salmon":3,"minecraft:torch":211,"minecraft:dirt":248,"minecraft:mutton":2,"minecraft:carrot":2,"minecraft:granite":7,"minecraft:iron_axe":846,"artifacts:everlasting_beef":2,"biomesoplenty:jacaranda_sapling":25,"minecraft:beef":3,"minecraft:furnace":4,"minecraft:cooked_cod":3,"tombstone:gift":3,"minecraft:cooked_beef":7,"minecraft:cobbled_deepslate":112,"minecraft:cooked_mutton":10,"minecraft:water_bucket":9,"minecraft:stone_pickaxe":201,"minecraft:birch_boat":2,"minecraft:wooden_pickaxe":40,"minecraft:sugar_cane":20,"minecraft:sand":2,"minecraft:crafting_table":15,"minecraft:white_bed":5,"biomesoplenty:jacaranda_planks":450,"minecraft:oak_log":5,"minecraft:diamond_pickaxe":76,"minecraft:apple":18,"gobber2:gobber2_gooey_beefstew":4,"minecraft:bread":16,"minecraft:iron_pickaxe":592,"minecraft:gravel":5,"minecraft:stone_axe":99,"minecraft:diamond_sword":68,"travelersbackpack:standard":6,"minecraft:cobblestone":74,"minecraft:bucket":10,"minecraft:oak_boat":3,"alexsmobs:animal_dictionary":2,"minecraft:golden_pickaxe":41},"minecraft:killed":{"alexsmobs:lobster":1,"minecraft:cave_spider":2,"minecraft:witch":2,"minecraft:spider":18,"minecraft:skeleton":34,"minecraft:chicken":2,"minecraft:drowned":1,"minecraft:zombie_villager":3,"alexsmobs:seal":1,"minecraft:creeper":3,"minecraft:sheep":7,"minecraft:zombie":72,"minecraft:cow":7},"minecraft:crafted":{"minecraft:oak_planks":148,"minecraft:raw_iron":9,"minecraft:birch_boat":2,"minecraft:furnace":2,"minecraft:bone_meal":96,"minecraft:cooked_mutton":10,"minecraft:glass":12,"minecraft:diamond_helmet":1,"travelersbackpack:white_sleeping_bag":1,"minecraft:diamond_leggings":1,"minecraft:iron_boots":1,"minecraft:iron_axe":3,"minecraft:stone_pickaxe":4,"minecraft:diamond_boots":1,"minecraft:chest":7,"minecraft:cooked_beef":7,"minecraft:diamond_sword":1,"biomesoplenty:jacaranda_planks":404,"minecraft:crafting_table":10,"travelersbackpack:backpack_tank":2,"minecraft:iron_helmet":1,"minecraft:wooden_pickaxe":4,"travelersbackpack:standard":1,"minecraft:iron_sword":2,"minecraft:bucket":1,"minecraft:birch_planks":40,"minecraft:stone_axe":1,"minecraft:air":0,"minecraft:oak_boat":3,"minecraft:charcoal":13,"minecraft:diamond_pickaxe":1,"minecraft:shield":1,"minecraft:stick":76,"minecraft:iron_pickaxe":3,"minecraft:iron_ingot":54,"minecraft:stone_sword":2,"minecraft:iron_shovel":2,"minecraft:iron_leggings":1,"minecraft:gold_ingot":8,"minecraft:white_bed":1,"minecraft:torch":140,"minecraft:diamond_chestplate":1}},"DataVersion":3465}