{"stats":{"minecraft:dropped":{"alexsmobs:animal_dictionary":1,"minecraft:apple":4},"minecraft:custom":{"minecraft:interact_with_furnace":4,"lootr:looted_stat":3,"minecraft:mob_kills":11,"minecraft:interact_with_crafting_table":4,"minecraft:leave_game":2,"minecraft:time_since_death":14498,"minecraft:time_since_rest":14498,"minecraft:sprint_one_cm":40837,"minecraft:damage_taken":90,"minecraft:walk_one_cm":41060,"minecraft:drop":5,"minecraft:damage_dealt":1085,"minecraft:swim_one_cm":10181,"minecraft:fly_one_cm":45586,"minecraft:crouch_one_cm":310,"minecraft:play_time":14498,"tombstone:undead_killed":3,"minecraft:sneak_time":37,"minecraft:walk_under_water_one_cm":1992,"minecraft:jump":254,"minecraft:walk_on_water_one_cm":1109,"minecraft:total_world_time":14498,"minecraft:fall_one_cm":5424},"minecraft:picked_up":{"minecraft:crafting_table":2,"minecraft:chicken":2,"minecraft:leather":3,"minecraft:flint":1,"minecraft:oak_log":122,"minecraft:dirt":14,"minecraft:string":2,"minecraft:raw_copper":3,"minecraft:apple":4,"minecraft:wheat_seeds":1,"minecraft:grindstone":1,"minecraft:beef":5,"minecraft:birch_sapling":3,"minecraft:furnace":1,"minecraft:egg":2,"minecraft:stick":14,"minecraft:gravel":4,"minecraft:carrot":1,"minecraft:spider_eye":1,"alexsmobs:animal_dictionary":1,"artifacts:everlasting_beef":1,"minecraft:rotten_flesh":2,"minecraft:oak_sapling":25,"minecraft:mutton":2,"minecraft:coal":1,"alexsmobs:flying_fish":2,"minecraft:white_wool":1,"minecraft:cobblestone":44},"minecraft:mined":{"minecraft:crafting_table":2,"minecraft:grass_block":3,"minecraft:cobblestone":1,"minecraft:copper_ore":1,"minecraft:tall_grass":3,"minecraft:grindstone":1,"minecraft:furnace":1,"minecraft:grass":8,"minecraft:oak_log":88,"minecraft:coal_ore":1,"minecraft:gravel":5,"minecraft:dirt":11,"minecraft:stone":43,"minecraft:oak_leaves":2},"minecraft:used":{"minecraft:stone_sword":42,"minecraft:stone_pickaxe":53,"minecraft:wooden_pickaxe":13,"minecraft:torch":2,"minecraft:dirt":4,"minecraft:crafting_table":2,"minecraft:carrot":2,"minecraft:oak_log":5,"minecraft:bread":2,"minecraft:stone_axe":97,"minecraft:cobblestone":1,"minecraft:furnace":1,"alexsmobs:animal_dictionary":2},"minecraft:killed":{"minecraft:spider":1,"minecraft:sheep":1,"minecraft:skeleton":1,"minecraft:zombie":2,"minecraft:chicken":2,"minecraft:cow":4},"minecraft:crafted":{"minecraft:oak_planks":28,"minecraft:crafting_table":1,"minecraft:wooden_pickaxe":1,"minecraft:furnace":1,"minecraft:stone_axe":1,"minecraft:air":0,"minecraft:charcoal":13,"minecraft:stick":8,"minecraft:stone_pickaxe":1,"minecraft:stone_sword":1,"minecraft:torch":24}},"DataVersion":3465}