{"stats":{"minecraft:picked_up":{"minecraft:crafting_table":8,"minecraft:chicken":2,"croptopia:peach":3,"blockling_world:rubyore":1,"minecraft:wooden_pickaxe":2,"biomesoplenty:jacaranda_sapling":46,"minecraft:string":41,"minecraft:raw_copper":9,"minecraft:cooked_salmon":3,"minecraft:cobbled_deepslate":336,"minecraft:beef":10,"minecraft:poppy":1,"minecraft:sugar_cane":20,"minecraft:birch_sapling":9,"minecraft:furnace":2,"minecraft:egg":4,"minecraft:stick":107,"minecraft:raw_iron":77,"minecraft:torch":11,"tombstone:grave_dust":6,"minecraft:diorite":5,"minecraft:carrot":1,"minecraft:redstone":126,"artifacts:everlasting_beef":1,"minecraft:stone_sword":1,"minecraft:arrow":28,"minecraft:rotten_flesh":59,"biomesoplenty:jacaranda_log":101,"minecraft:mutton":12,"minecraft:stripped_oak_log":1,"minecraft:white_wool":7,"alexsmobs:flying_fish":2,"minecraft:cobblestone":113,"biomesoplenty:lavender":5,"minecraft:birch_log":47,"minecraft:cooked_beef":1,"minecraft:andesite":24,"minecraft:leather":14,"gobber2:gobber2_gooey_beefstew":4,"minecraft:potato":1,"paraglider:spirit_orb":6,"minecraft:flint":8,"minecraft:tuff":40,"minecraft:oak_log":299,"minecraft:stripped_birch_log":1,"biomesoplenty:jacaranda_planks":4,"minecraft:gunpowder":2,"minecraft:lapis_lazuli":8,"minecraft:dirt":106,"tombstone:gift":1,"minecraft:bone":49,"minecraft:apple":20,"minecraft:bow":2,"gobber2:gobber2_gooey_beef":2,"minecraft:wheat_seeds":6,"minecraft:raw_gold":8,"minecraft:iron_ingot":1,"minecraft:grindstone":1,"minecraft:stone_pickaxe":2,"minecraft:iron_sword":1,"minecraft:oak_planks":9,"gobber2:gobber2_gooey_bread":5,"minecraft:raw_iron_block":1,"minecraft:gravel":50,"minecraft:sand":22,"minecraft:white_bed":6,"minecraft:jungle_slab":1,"minecraft:spider_eye":9,"alexsmobs:animal_dictionary":1,"minecraft:mossy_cobblestone":1,"minecraft:sugar":3,"minecraft:diamond":39,"minecraft:stone_axe":3,"minecraft:granite":24,"tombstone:magic_scroll":1,"minecraft:oak_sapling":99,"minecraft:coal":28,"gobber2:gobber2_goo":3},"minecraft:dropped":{"minecraft:enchanted_book":1,"minecraft:iron_sword":2,"minecraft:birch_planks":4,"minecraft:golden_helmet":1,"minecraft:cooked_beef":1,"minecraft:oak_log":1,"minecraft:tnt":2,"minecraft:golden_pickaxe":1,"minecraft:mossy_cobblestone":1,"minecraft:crafting_table":3,"minecraft:prismarine_crystals":22,"minecraft:cobblestone":12,"minecraft:apple":4,"minecraft:granite":15,"minecraft:coal":2,"paraglider:spirit_orb":6,"minecraft:stick":4,"minecraft:flint":8,"minecraft:jungle_slab":1,"minecraft:dirt":15,"minecraft:diorite":5,"tombstone:magic_scroll":1,"alexsmobs:flying_fish":2,"minecraft:cooked_salmon":3,"tombstone:grave_dust":6,"minecraft:bone_meal":69,"minecraft:heart_of_the_sea":2,"gobber2:gobber2_goo":1,"minecraft:sugar":3,"minecraft:string":2,"minecraft:white_wool":1,"blockling_world:rubyore":1,"minecraft:gravel":36,"minecraft:stone_axe":3,"alexsmobs:animal_dictionary":2,"minecraft:stone_sword":1,"minecraft:cobbled_deepslate":234,"minecraft:raw_copper":9,"minecraft:tuff":39,"gobber2:gobber2_gooey_beef":2,"tombstone:gift":2,"minecraft:chicken":2,"minecraft:rotten_flesh":51,"minecraft:grindstone":1,"minecraft:oak_planks":9,"minecraft:filled_map":1,"minecraft:poppy":1,"minecraft:gunpowder":2,"minecraft:charcoal":3,"minecraft:andesite":18,"minecraft:melon_seeds":2,"minecraft:golden_leggings":1,"minecraft:oak_sapling":25,"minecraft:spider_eye":9,"minecraft:arrow":7,"minecraft:stone_pickaxe":2,"minecraft:bow":2,"minecraft:wooden_pickaxe":3,"minecraft:egg":3},"minecraft:custom":{"minecraft:interact_with_smithing_table":2,"lootr:looted_stat":18,"minecraft:mob_kills":131,"minecraft:interact_with_crafting_table":48,"goblintraders:trade_with_goblin":10,"minecraft:leave_game":2,"minecraft:time_since_death":70882,"minecraft:sprint_one_cm":521061,"minecraft:walk_one_cm":486989,"minecraft:damage_blocked_by_shield":1790,"minecraft:drop":123,"minecraft:play_time":194052,"minecraft:deaths":3,"minecraft:sneak_time":4733,"minecraft:walk_under_water_one_cm":48858,"minecraft:jump":2896,"minecraft:walk_on_water_one_cm":34232,"minecraft:total_world_time":194052,"minecraft:interact_with_furnace":31,"tombstone:raider_killed":2,"minecraft:sleep_in_bed":4,"minecraft:time_since_rest":9526,"minecraft:damage_taken":4172,"minecraft:damage_dealt":21831,"minecraft:swim_one_cm":189151,"minecraft:fly_one_cm":489589,"minecraft:open_chest":35,"minecraft:crouch_one_cm":7089,"tombstone:undead_killed":90,"minecraft:fall_one_cm":71574},"minecraft:broken":{"minecraft:stone_pickaxe":1,"minecraft:iron_axe":1,"minecraft:iron_pickaxe":2},"minecraft:mined":{"minecraft:tuff":40,"blockling_world:rubyore":1,"minecraft:white_bed":5,"minecraft:mossy_cobblestone":1,"minecraft:deepslate_diamond_ore":40,"minecraft:jungle_slab":1,"minecraft:stripped_birch_log":1,"minecraft:granite":18,"minecraft:grass_block":60,"biomesoplenty:jacaranda_sapling":2,"minecraft:spawner":5,"biomesoplenty:tall_lavender":1,"biomesoplenty:jacaranda_log":116,"minecraft:raw_iron_block":1,"minecraft:furnace":2,"minecraft:iron_ore":15,"minecraft:fire":1,"biomesoplenty:lavender":2,"minecraft:andesite":18,"minecraft:deepslate_lapis_ore":1,"croptopia:peach_crop":3,"biomesoplenty:high_grass":29,"minecraft:deepslate_iron_ore":66,"minecraft:stripped_oak_log":1,"minecraft:stone":105,"minecraft:deepslate_redstone_ore":27,"biomesoplenty:jacaranda_planks":4,"minecraft:crafting_table":7,"minecraft:torch":5,"minecraft:poppy":1,"biomesoplenty:high_grass_plant":40,"minecraft:cobblestone":7,"minecraft:tall_grass":7,"minecraft:copper_ore":1,"minecraft:deepslate_coal_ore":1,"minecraft:deepslate_gold_ore":7,"minecraft:grindstone":1,"minecraft:sugar_cane":12,"minecraft:diorite":5,"minecraft:wall_torch":4,"minecraft:coarse_dirt":1,"minecraft:birch_log":55,"gobber2:gobber2_lucky_block_deepslate":17,"minecraft:grass":48,"minecraft:coal_ore":27,"minecraft:oak_log":315,"minecraft:gravel":49,"minecraft:sand":27,"minecraft:dirt":28,"minecraft:cobweb":22,"minecraft:gold_ore":1,"minecraft:oak_leaves":15,"minecraft:deepslate":462},"minecraft:used":{"minecraft:iron_shovel":60,"minecraft:stone_sword":85,"gobber2:gobber2_goo":2,"gobber2:gobber2_gooey_bread":5,"minecraft:chest":4,"minecraft:shield":49,"minecraft:iron_sword":445,"minecraft:rotten_flesh":4,"minecraft:cooked_salmon":3,"minecraft:torch":211,"minecraft:dirt":54,"minecraft:mutton":2,"minecraft:carrot":2,"minecraft:granite":7,"minecraft:iron_axe":452,"artifacts:everlasting_beef":2,"biomesoplenty:jacaranda_sapling":5,"minecraft:beef":3,"minecraft:furnace":4,"minecraft:cooked_cod":3,"tombstone:gift":3,"minecraft:cooked_beef":7,"minecraft:cobbled_deepslate":112,"minecraft:cooked_mutton":10,"minecraft:water_bucket":6,"minecraft:stone_pickaxe":201,"minecraft:birch_boat":2,"minecraft:wooden_pickaxe":40,"minecraft:sugar_cane":20,"minecraft:sand":2,"minecraft:crafting_table":14,"minecraft:white_bed":5,"biomesoplenty:jacaranda_planks":55,"minecraft:oak_log":5,"minecraft:diamond_pickaxe":76,"minecraft:apple":7,"gobber2:gobber2_gooey_beefstew":4,"minecraft:bread":16,"minecraft:iron_pickaxe":579,"minecraft:gravel":5,"minecraft:stone_axe":99,"travelersbackpack:standard":1,"minecraft:cobblestone":74,"minecraft:bucket":7,"minecraft:oak_boat":3,"alexsmobs:animal_dictionary":2,"minecraft:golden_pickaxe":41},"minecraft:killed":{"alexsmobs:lobster":1,"minecraft:cave_spider":2,"minecraft:witch":2,"minecraft:spider":14,"minecraft:skeleton":28,"minecraft:chicken":2,"minecraft:drowned":1,"minecraft:zombie_villager":2,"alexsmobs:seal":1,"minecraft:creeper":1,"minecraft:sheep":7,"minecraft:zombie":59,"minecraft:cow":7},"minecraft:crafted":{"minecraft:oak_planks":128,"minecraft:raw_iron":9,"minecraft:birch_boat":2,"minecraft:furnace":2,"minecraft:bone_meal":69,"minecraft:cooked_mutton":10,"minecraft:glass":12,"travelersbackpack:white_sleeping_bag":1,"minecraft:iron_boots":1,"minecraft:iron_axe":3,"minecraft:stone_pickaxe":4,"minecraft:chest":5,"minecraft:cooked_beef":7,"biomesoplenty:jacaranda_planks":404,"minecraft:crafting_table":9,"travelersbackpack:backpack_tank":2,"minecraft:iron_helmet":1,"minecraft:wooden_pickaxe":4,"travelersbackpack:standard":1,"minecraft:iron_sword":2,"minecraft:bucket":1,"minecraft:birch_planks":40,"minecraft:stone_axe":1,"minecraft:air":0,"minecraft:oak_boat":3,"minecraft:charcoal":13,"minecraft:diamond_pickaxe":1,"minecraft:shield":1,"minecraft:stick":76,"minecraft:iron_pickaxe":3,"minecraft:iron_ingot":54,"minecraft:stone_sword":2,"minecraft:iron_shovel":1,"minecraft:iron_leggings":1,"minecraft:gold_ingot":8,"minecraft:white_bed":1,"minecraft:torch":140}},"DataVersion":3465}