{"stats":{"minecraft:dropped":{"minecraft:enchanted_book":1,"minecraft:iron_sword":1,"minecraft:golden_helmet":1,"minecraft:cooked_beef":1,"minecraft:golden_pickaxe":1,"minecraft:mossy_cobblestone":1,"minecraft:crafting_table":1,"minecraft:apple":4,"minecraft:granite":14,"paraglider:spirit_orb":4,"minecraft:flint":3,"minecraft:dirt":4,"minecraft:diorite":5,"tombstone:magic_scroll":1,"alexsmobs:flying_fish":2,"tombstone:grave_dust":4,"minecraft:sugar":3,"minecraft:string":2,"minecraft:gravel":31,"minecraft:stone_axe":3,"alexsmobs:animal_dictionary":2,"minecraft:cobbled_deepslate":170,"minecraft:raw_copper":9,"minecraft:tuff":37,"tombstone:gift":1,"minecraft:chicken":2,"minecraft:rotten_flesh":29,"minecraft:grindstone":1,"minecraft:oak_planks":1,"minecraft:poppy":1,"minecraft:gunpowder":2,"minecraft:charcoal":3,"minecraft:andesite":12,"minecraft:melon_seeds":2,"minecraft:golden_leggings":1,"minecraft:oak_sapling":25,"minecraft:spider_eye":3,"minecraft:arrow":7,"minecraft:bow":1,"minecraft:egg":2},"minecraft:custom":{"lootr:looted_stat":12,"minecraft:mob_kills":90,"minecraft:interact_with_crafting_table":19,"goblintraders:trade_with_goblin":10,"minecraft:leave_game":2,"minecraft:time_since_death":92498,"minecraft:sprint_one_cm":319988,"minecraft:walk_one_cm":280348,"minecraft:damage_blocked_by_shield":1345,"minecraft:drop":77,"minecraft:play_time":92498,"minecraft:sneak_time":433,"minecraft:walk_under_water_one_cm":7616,"minecraft:jump":1553,"minecraft:walk_on_water_one_cm":14742,"minecraft:total_world_time":92498,"minecraft:interact_with_furnace":23,"tombstone:raider_killed":2,"minecraft:sleep_in_bed":1,"minecraft:time_since_rest":42260,"minecraft:damage_taken":1445,"minecraft:damage_dealt":14550,"minecraft:swim_one_cm":31264,"minecraft:fly_one_cm":268994,"minecraft:crouch_one_cm":2010,"tombstone:undead_killed":56,"minecraft:fall_one_cm":37206},"minecraft:picked_up":{"minecraft:crafting_table":7,"minecraft:chicken":2,"croptopia:peach":3,"minecraft:string":36,"minecraft:raw_copper":9,"minecraft:cobbled_deepslate":268,"minecraft:beef":10,"minecraft:poppy":1,"minecraft:sugar_cane":2,"minecraft:birch_sapling":3,"minecraft:egg":2,"minecraft:furnace":2,"minecraft:stick":14,"minecraft:raw_iron":35,"minecraft:torch":11,"tombstone:grave_dust":5,"minecraft:diorite":5,"minecraft:carrot":1,"minecraft:redstone":126,"artifacts:everlasting_beef":1,"minecraft:rotten_flesh":34,"minecraft:arrow":14,"minecraft:mutton":12,"minecraft:white_wool":7,"alexsmobs:flying_fish":2,"minecraft:cobblestone":73,"minecraft:cooked_beef":1,"minecraft:andesite":12,"gobber2:gobber2_gooey_beefstew":3,"minecraft:leather":5,"paraglider:spirit_orb":6,"minecraft:flint":8,"minecraft:tuff":38,"minecraft:oak_log":122,"minecraft:gunpowder":2,"minecraft:lapis_lazuli":8,"minecraft:dirt":19,"minecraft:bone":14,"minecraft:apple":4,"minecraft:bow":2,"minecraft:wheat_seeds":1,"minecraft:raw_gold":8,"minecraft:grindstone":1,"minecraft:iron_ingot":1,"minecraft:oak_planks":1,"gobber2:gobber2_gooey_bread":2,"minecraft:raw_iron_block":1,"minecraft:gravel":40,"minecraft:white_bed":3,"alexsmobs:animal_dictionary":1,"minecraft:spider_eye":4,"minecraft:mossy_cobblestone":1,"minecraft:sugar":3,"minecraft:stone_axe":3,"minecraft:diamond":31,"minecraft:granite":16,"tombstone:magic_scroll":1,"minecraft:oak_sapling":25,"minecraft:coal":23},"minecraft:mined":{"minecraft:tuff":38,"minecraft:white_bed":3,"minecraft:mossy_cobblestone":1,"minecraft:deepslate_diamond_ore":32,"minecraft:granite":10,"minecraft:grass_block":5,"minecraft:spawner":5,"minecraft:raw_iron_block":1,"minecraft:furnace":2,"minecraft:iron_ore":6,"minecraft:fire":1,"minecraft:andesite":12,"minecraft:deepslate_lapis_ore":1,"croptopia:peach_crop":3,"minecraft:deepslate_iron_ore":32,"minecraft:stone":72,"minecraft:deepslate_redstone_ore":27,"minecraft:crafting_table":6,"minecraft:torch":5,"minecraft:poppy":1,"minecraft:tall_grass":3,"minecraft:copper_ore":1,"minecraft:cobblestone":1,"minecraft:deepslate_gold_ore":7,"minecraft:grindstone":1,"minecraft:sugar_cane":2,"minecraft:diorite":5,"minecraft:wall_torch":4,"gobber2:gobber2_lucky_block_deepslate":5,"minecraft:grass":10,"minecraft:coal_ore":24,"minecraft:oak_log":88,"minecraft:gravel":44,"minecraft:dirt":14,"minecraft:cobweb":22,"minecraft:oak_leaves":3,"minecraft:deepslate":381},"minecraft:used":{"minecraft:stone_sword":85,"gobber2:gobber2_gooey_bread":1,"minecraft:shield":38,"minecraft:iron_sword":281,"minecraft:torch":191,"minecraft:dirt":4,"minecraft:mutton":2,"minecraft:carrot":2,"artifacts:everlasting_beef":2,"minecraft:beef":3,"minecraft:furnace":4,"tombstone:gift":1,"minecraft:cooked_beef":7,"minecraft:cobbled_deepslate":5,"minecraft:cooked_mutton":10,"minecraft:stone_pickaxe":143,"minecraft:wooden_pickaxe":13,"minecraft:crafting_table":8,"minecraft:white_bed":3,"minecraft:oak_log":5,"minecraft:bread":7,"minecraft:iron_pickaxe":515,"minecraft:gravel":5,"minecraft:stone_axe":99,"minecraft:cobblestone":2,"alexsmobs:animal_dictionary":2,"minecraft:golden_pickaxe":41},"minecraft:broken":{"minecraft:stone_pickaxe":1,"minecraft:iron_pickaxe":2},"minecraft:killed":{"alexsmobs:lobster":1,"minecraft:cave_spider":2,"minecraft:witch":2,"minecraft:spider":9,"minecraft:skeleton":19,"minecraft:chicken":2,"minecraft:zombie_villager":2,"alexsmobs:seal":1,"minecraft:creeper":1,"minecraft:sheep":7,"minecraft:zombie":35,"minecraft:cow":7},"minecraft:crafted":{"minecraft:oak_planks":40,"minecraft:raw_iron":9,"minecraft:furnace":2,"minecraft:cooked_mutton":10,"minecraft:iron_boots":1,"minecraft:stone_pickaxe":2,"minecraft:cooked_beef":7,"minecraft:crafting_table":2,"minecraft:wooden_pickaxe":1,"minecraft:iron_helmet":1,"minecraft:iron_sword":2,"minecraft:stone_axe":1,"minecraft:air":0,"minecraft:charcoal":13,"minecraft:shield":1,"minecraft:stick":40,"minecraft:iron_ingot":54,"minecraft:iron_pickaxe":3,"minecraft:stone_sword":1,"minecraft:iron_leggings":1,"minecraft:gold_ingot":8,"minecraft:white_bed":1,"minecraft:torch":136}},"DataVersion":3465}