{"stats":{"minecraft:dropped":{"minecraft:gravel":4,"alexsmobs:animal_dictionary":1,"minecraft:raw_copper":6,"minecraft:apple":4,"minecraft:granite":14,"minecraft:flint":2,"minecraft:diorite":5},"minecraft:custom":{"minecraft:interact_with_furnace":4,"lootr:looted_stat":4,"minecraft:mob_kills":21,"minecraft:interact_with_crafting_table":5,"minecraft:leave_game":2,"minecraft:time_since_death":26498,"minecraft:time_since_rest":26498,"minecraft:sprint_one_cm":84864,"minecraft:damage_taken":110,"minecraft:walk_one_cm":62041,"minecraft:drop":13,"minecraft:damage_dealt":2003,"minecraft:swim_one_cm":30226,"minecraft:fly_one_cm":146574,"minecraft:crouch_one_cm":395,"minecraft:play_time":26498,"tombstone:undead_killed":3,"minecraft:sneak_time":46,"minecraft:walk_under_water_one_cm":3960,"minecraft:jump":623,"minecraft:walk_on_water_one_cm":6837,"minecraft:total_world_time":26498,"minecraft:fall_one_cm":17170},"minecraft:picked_up":{"minecraft:crafting_table":3,"minecraft:chicken":2,"croptopia:peach":3,"minecraft:andesite":12,"minecraft:leather":5,"minecraft:flint":3,"minecraft:oak_log":122,"minecraft:dirt":19,"minecraft:string":2,"minecraft:raw_copper":9,"minecraft:apple":4,"minecraft:wheat_seeds":1,"minecraft:grindstone":1,"minecraft:beef":10,"minecraft:poppy":1,"minecraft:sugar_cane":2,"minecraft:birch_sapling":3,"minecraft:furnace":1,"minecraft:egg":2,"minecraft:stick":14,"minecraft:gravel":12,"minecraft:diorite":5,"minecraft:carrot":1,"minecraft:spider_eye":1,"alexsmobs:animal_dictionary":1,"artifacts:everlasting_beef":1,"minecraft:rotten_flesh":2,"minecraft:granite":14,"minecraft:oak_sapling":25,"minecraft:mutton":12,"minecraft:coal":23,"alexsmobs:flying_fish":2,"minecraft:white_wool":7,"minecraft:cobblestone":73},"minecraft:mined":{"minecraft:crafting_table":3,"minecraft:granite":8,"minecraft:grass_block":5,"minecraft:poppy":1,"minecraft:cobblestone":1,"minecraft:copper_ore":1,"minecraft:tall_grass":3,"minecraft:grindstone":1,"minecraft:sugar_cane":2,"minecraft:diorite":5,"minecraft:furnace":1,"minecraft:andesite":12,"croptopia:peach_crop":3,"minecraft:grass":10,"minecraft:oak_log":88,"minecraft:coal_ore":24,"minecraft:gravel":9,"minecraft:dirt":14,"minecraft:stone":72,"minecraft:deepslate":19,"minecraft:oak_leaves":3},"minecraft:used":{"minecraft:stone_sword":74,"minecraft:stone_pickaxe":132,"minecraft:wooden_pickaxe":13,"minecraft:torch":2,"minecraft:dirt":4,"minecraft:crafting_table":3,"minecraft:carrot":2,"minecraft:oak_log":5,"minecraft:bread":3,"minecraft:stone_axe":97,"artifacts:everlasting_beef":2,"minecraft:cobblestone":2,"minecraft:beef":3,"minecraft:furnace":1,"alexsmobs:animal_dictionary":2,"minecraft:golden_pickaxe":29},"minecraft:killed":{"alexsmobs:seal":1,"minecraft:spider":1,"minecraft:sheep":7,"minecraft:skeleton":1,"minecraft:zombie":2,"minecraft:chicken":2,"minecraft:cow":7},"minecraft:broken":{"minecraft:stone_pickaxe":1},"minecraft:crafted":{"minecraft:oak_planks":28,"minecraft:crafting_table":1,"minecraft:wooden_pickaxe":1,"minecraft:furnace":1,"minecraft:stone_axe":1,"minecraft:air":0,"minecraft:charcoal":13,"minecraft:stick":8,"minecraft:stone_pickaxe":2,"minecraft:stone_sword":1,"minecraft:torch":24}},"DataVersion":3465}