{"stats":{"minecraft:dropped":{"minecraft:enchanted_book":1,"minecraft:iron_sword":1,"minecraft:golden_helmet":1,"minecraft:cooked_beef":1,"minecraft:golden_pickaxe":1,"minecraft:mossy_cobblestone":1,"minecraft:crafting_table":1,"minecraft:apple":4,"minecraft:granite":15,"paraglider:spirit_orb":4,"minecraft:stick":1,"minecraft:flint":3,"minecraft:dirt":4,"minecraft:diorite":5,"tombstone:magic_scroll":1,"alexsmobs:flying_fish":2,"tombstone:grave_dust":6,"gobber2:gobber2_goo":1,"minecraft:sugar":3,"minecraft:string":2,"blockling_world:rubyore":1,"minecraft:gravel":31,"minecraft:stone_axe":3,"alexsmobs:animal_dictionary":2,"minecraft:cobbled_deepslate":170,"minecraft:raw_copper":9,"minecraft:tuff":37,"gobber2:gobber2_gooey_beef":2,"tombstone:gift":1,"minecraft:chicken":2,"minecraft:rotten_flesh":29,"minecraft:grindstone":1,"minecraft:oak_planks":1,"minecraft:poppy":1,"minecraft:gunpowder":2,"minecraft:charcoal":3,"minecraft:andesite":12,"minecraft:melon_seeds":2,"minecraft:golden_leggings":1,"minecraft:oak_sapling":25,"minecraft:spider_eye":3,"minecraft:arrow":7,"minecraft:bow":1,"minecraft:egg":2},"minecraft:picked_up":{"minecraft:crafting_table":8,"minecraft:chicken":2,"croptopia:peach":3,"blockling_world:rubyore":1,"minecraft:string":38,"minecraft:raw_copper":9,"minecraft:cobbled_deepslate":314,"minecraft:beef":10,"minecraft:poppy":1,"minecraft:sugar_cane":2,"minecraft:birch_sapling":3,"minecraft:egg":2,"minecraft:furnace":2,"minecraft:stick":17,"minecraft:raw_iron":77,"minecraft:torch":11,"tombstone:grave_dust":6,"minecraft:diorite":5,"minecraft:carrot":1,"minecraft:redstone":126,"artifacts:everlasting_beef":1,"minecraft:rotten_flesh":41,"minecraft:arrow":22,"minecraft:mutton":12,"minecraft:white_wool":7,"alexsmobs:flying_fish":2,"minecraft:cobblestone":84,"minecraft:cooked_beef":1,"minecraft:andesite":12,"gobber2:gobber2_gooey_beefstew":4,"minecraft:leather":5,"paraglider:spirit_orb":6,"minecraft:flint":8,"minecraft:tuff":40,"minecraft:oak_log":127,"minecraft:gunpowder":2,"minecraft:lapis_lazuli":8,"minecraft:dirt":29,"minecraft:bone":23,"minecraft:apple":4,"minecraft:bow":2,"gobber2:gobber2_gooey_beef":2,"minecraft:wheat_seeds":1,"minecraft:raw_gold":8,"minecraft:grindstone":1,"minecraft:iron_ingot":1,"minecraft:oak_planks":1,"gobber2:gobber2_gooey_bread":5,"minecraft:raw_iron_block":1,"minecraft:gravel":41,"minecraft:white_bed":3,"alexsmobs:animal_dictionary":1,"minecraft:spider_eye":8,"minecraft:mossy_cobblestone":1,"minecraft:sugar":3,"minecraft:stone_axe":3,"minecraft:diamond":36,"minecraft:granite":22,"tombstone:magic_scroll":1,"minecraft:oak_sapling":25,"minecraft:coal":24,"gobber2:gobber2_goo":3},"minecraft:custom":{"minecraft:interact_with_smithing_table":2,"lootr:looted_stat":13,"minecraft:mob_kills":111,"minecraft:interact_with_crafting_table":23,"goblintraders:trade_with_goblin":10,"minecraft:leave_game":2,"minecraft:time_since_death":4351,"minecraft:sprint_one_cm":382334,"minecraft:walk_one_cm":341923,"minecraft:damage_blocked_by_shield":1410,"minecraft:drop":84,"minecraft:play_time":116498,"minecraft:deaths":1,"minecraft:sneak_time":1831,"minecraft:walk_under_water_one_cm":9078,"minecraft:jump":2120,"minecraft:walk_on_water_one_cm":18308,"minecraft:total_world_time":116498,"minecraft:interact_with_furnace":24,"tombstone:raider_killed":2,"minecraft:sleep_in_bed":1,"minecraft:time_since_rest":3859,"minecraft:damage_taken":2528,"minecraft:damage_dealt":18411,"minecraft:swim_one_cm":38111,"minecraft:fly_one_cm":345735,"minecraft:crouch_one_cm":5005,"tombstone:undead_killed":73,"minecraft:fall_one_cm":52431},"minecraft:mined":{"minecraft:tuff":40,"blockling_world:rubyore":1,"minecraft:white_bed":3,"minecraft:mossy_cobblestone":1,"minecraft:deepslate_diamond_ore":37,"minecraft:granite":15,"minecraft:grass_block":8,"minecraft:spawner":5,"minecraft:raw_iron_block":1,"minecraft:furnace":2,"minecraft:iron_ore":15,"minecraft:fire":1,"minecraft:andesite":13,"minecraft:deepslate_lapis_ore":1,"croptopia:peach_crop":3,"minecraft:deepslate_iron_ore":66,"minecraft:stone":81,"minecraft:deepslate_redstone_ore":27,"minecraft:crafting_table":7,"minecraft:torch":5,"minecraft:poppy":1,"minecraft:tall_grass":3,"minecraft:copper_ore":1,"minecraft:cobblestone":1,"minecraft:deepslate_coal_ore":1,"minecraft:deepslate_gold_ore":7,"minecraft:grindstone":1,"minecraft:sugar_cane":2,"minecraft:diorite":5,"minecraft:wall_torch":4,"gobber2:gobber2_lucky_block_deepslate":17,"minecraft:grass":12,"minecraft:coal_ore":25,"minecraft:oak_log":93,"minecraft:gravel":45,"minecraft:dirt":21,"minecraft:cobweb":22,"minecraft:gold_ore":1,"minecraft:oak_leaves":4,"minecraft:deepslate":432},"minecraft:used":{"minecraft:stone_sword":85,"gobber2:gobber2_goo":2,"gobber2:gobber2_gooey_bread":5,"minecraft:shield":41,"minecraft:iron_sword":361,"minecraft:torch":211,"minecraft:dirt":11,"minecraft:mutton":2,"minecraft:carrot":2,"artifacts:everlasting_beef":2,"minecraft:beef":3,"minecraft:furnace":4,"tombstone:gift":1,"minecraft:cooked_beef":7,"minecraft:cobbled_deepslate":105,"minecraft:cooked_mutton":10,"minecraft:stone_pickaxe":148,"minecraft:wooden_pickaxe":31,"minecraft:crafting_table":9,"minecraft:white_bed":3,"minecraft:oak_log":5,"minecraft:diamond_pickaxe":76,"gobber2:gobber2_gooey_beefstew":4,"minecraft:bread":8,"minecraft:iron_pickaxe":559,"minecraft:gravel":5,"minecraft:stone_axe":99,"minecraft:cobblestone":2,"minecraft:oak_boat":1,"alexsmobs:animal_dictionary":2,"minecraft:golden_pickaxe":41},"minecraft:broken":{"minecraft:stone_pickaxe":1,"minecraft:iron_pickaxe":2},"minecraft:killed":{"alexsmobs:lobster":1,"minecraft:cave_spider":2,"minecraft:witch":2,"minecraft:spider":12,"minecraft:skeleton":25,"minecraft:chicken":2,"minecraft:zombie_villager":2,"alexsmobs:seal":1,"minecraft:creeper":1,"minecraft:sheep":7,"minecraft:zombie":46,"minecraft:cow":7},"minecraft:crafted":{"minecraft:oak_planks":60,"minecraft:raw_iron":9,"minecraft:furnace":2,"minecraft:cooked_mutton":10,"minecraft:iron_boots":1,"minecraft:stone_pickaxe":3,"minecraft:cooked_beef":7,"minecraft:crafting_table":3,"minecraft:wooden_pickaxe":2,"minecraft:iron_helmet":1,"minecraft:iron_sword":2,"minecraft:stone_axe":1,"minecraft:air":0,"minecraft:oak_boat":1,"minecraft:diamond_pickaxe":1,"minecraft:charcoal":13,"minecraft:shield":1,"minecraft:stick":44,"minecraft:iron_ingot":54,"minecraft:iron_pickaxe":3,"minecraft:stone_sword":2,"minecraft:iron_leggings":1,"minecraft:gold_ingot":8,"minecraft:white_bed":1,"minecraft:torch":140}},"DataVersion":3465}