{"stats":{"minecraft:killed_by":{"minecraft:creeper":1,"minecraft:spider":1},"minecraft:picked_up":{"minecraft:chicken":1,"minecraft:charcoal":2,"minecraft:clay_ball":12,"minecraft:wheat":6,"minecraft:crafting_table":7,"minecraft:azure_bluet":3,"minecraft:ladder":1,"blockling_world:rubyore":3,"minecraft:diamond_sword":1,"minecraft:wooden_pickaxe":1,"minecraft:enchanted_book":2,"minecraft:brewing_stand":2,"minecraft:amethyst_block":1,"minecraft:oak_trapdoor":1,"minecraft:string":19,"minecraft:raw_copper":63,"minecraft:white_carpet":4,"minecraft:iron_shovel":1,"minecraft:candle":6,"minecraft:cartography_table":1,"minecraft:cobbled_deepslate":157,"travelersbackpack:enderman":1,"minecraft:beef":13,"minecraft:azalea":8,"minecraft:oak_boat":3,"minecraft:rose_bush":2,"minecraft:poppy":7,"minecraft:sugar_cane":3,"minecraft:chest":8,"minecraft:furnace":7,"minecraft:egg":6,"minecraft:stick":6,"minecraft:raw_iron":173,"minecraft:oak_door":6,"minecraft:composter":2,"minecraft:torch":16,"minecraft:stone_button":5,"tombstone:grave_dust":10,"minecraft:diorite":11,"minecraft:carrot":2,"minecraft:redstone":60,"minecraft:stone_sword":1,"minecraft:arrow":14,"minecraft:rotten_flesh":55,"minecraft:hay_block":14,"minecraft:glow_berries":3,"minecraft:rail":8,"alexsmobs:flying_fish":4,"minecraft:cobblestone":549,"minecraft:oxeye_daisy":1,"minecraft:andesite":16,"minecraft:leather":4,"minecraft:tuff":17,"minecraft:oak_log":34,"minecraft:magenta_bed":2,"minecraft:yellow_bed":4,"minecraft:gunpowder":3,"minecraft:lapis_lazuli":86,"minecraft:dirt":354,"tombstone:gift":1,"minecraft:leather_boots":1,"minecraft:bone":22,"minecraft:apple":1,"minecraft:stonecutter":1,"minecraft:wheat_seeds":106,"minecraft:raw_gold":40,"minecraft:iron_ingot":13,"tombstone:bag_of_seeds":1,"minecraft:fletching_table":1,"minecraft:moss_block":14,"minecraft:oak_planks":4,"minecraft:dandelion":12,"minecraft:sand":63,"minecraft:amethyst_shard":6,"minecraft:white_bed":12,"minecraft:spider_eye":5,"minecraft:mossy_cobblestone":1,"minecraft:bundle":3,"minecraft:yellow_carpet":7,"minecraft:slime_ball":8,"minecraft:diamond":16,"minecraft:granite":28,"minecraft:bone_meal":2,"tombstone:magic_scroll":1,"minecraft:oak_sapling":6,"minecraft:coal":53},"minecraft:dropped":{"minecraft:enchanted_book":1,"minecraft:stone_hoe":1,"minecraft:oak_slab":4,"minecraft:wheat_seeds":4,"minecraft:oak_log":6,"minecraft:mossy_cobblestone":1,"minecraft:cobblestone":11,"minecraft:granite":18,"minecraft:stick":1,"minecraft:oxeye_daisy":1,"minecraft:dirt":75,"minecraft:diorite":3,"minecraft:stone_button":6,"minecraft:torch":1,"alexsmobs:flying_fish":4,"minecraft:sand":1,"minecraft:iron_shovel":2,"minecraft:dandelion":14,"minecraft:oak_door":3,"minecraft:stone_axe":1,"minecraft:oak_trapdoor":2,"minecraft:stone_sword":2,"alexsmobs:animal_dictionary":1,"minecraft:cobbled_deepslate":17,"minecraft:tuff":5,"minecraft:wheat":2,"minecraft:rotten_flesh":1,"minecraft:oak_planks":9,"minecraft:azure_bluet":3,"minecraft:diamond_sword":1,"minecraft:poppy":5,"minecraft:bundle":2,"minecraft:andesite":15,"minecraft:ladder":1,"minecraft:leather_boots":2,"minecraft:oak_boat":1,"minecraft:oak_sapling":6,"minecraft:arrow":2,"minecraft:wooden_pickaxe":2,"minecraft:stone_pickaxe":3,"minecraft:egg":1},"minecraft:custom":{"lootr:looted_stat":12,"minecraft:mob_kills":122,"minecraft:interact_with_crafting_table":48,"goblintraders:trade_with_goblin":13,"minecraft:leave_game":5,"minecraft:time_since_death":263936,"minecraft:climb_one_cm":11831,"minecraft:sprint_one_cm":529839,"minecraft:walk_one_cm":820341,"minecraft:damage_blocked_by_shield":1255,"minecraft:drop":84,"minecraft:talked_to_villager":6,"minecraft:play_time":279850,"minecraft:deaths":3,"minecraft:sneak_time":8539,"minecraft:walk_under_water_one_cm":18784,"minecraft:jump":4926,"minecraft:walk_on_water_one_cm":104185,"minecraft:total_world_time":279850,"minecraft:interact_with_furnace":20,"minecraft:interact_with_grindstone":2,"minecraft:sleep_in_bed":4,"minecraft:time_since_rest":45526,"minecraft:damage_taken":3769,"minecraft:damage_dealt":22294,"minecraft:swim_one_cm":9804,"minecraft:fly_one_cm":731659,"minecraft:open_chest":36,"minecraft:crouch_one_cm":22365,"tombstone:undead_killed":77,"minecraft:fall_one_cm":109794},"minecraft:broken":{"minecraft:stone_pickaxe":2,"minecraft:iron_pickaxe":2,"minecraft:iron_helmet":1},"minecraft:mined":{"minecraft:diamond_ore":5,"blockling_world:rubyore":3,"minecraft:tuff":16,"minecraft:white_bed":12,"minecraft:farmland":1,"minecraft:mossy_cobblestone":1,"minecraft:deepslate_diamond_ore":11,"minecraft:candle":2,"minecraft:oak_door":3,"minecraft:brewing_stand":2,"minecraft:cave_vines_plant":1,"minecraft:granite":17,"minecraft:ladder":1,"minecraft:budding_amethyst":2,"minecraft:grass_block":192,"minecraft:yellow_carpet":7,"minecraft:moss_block":4,"minecraft:kelp":1,"minecraft:composter":2,"minecraft:cartography_table":1,"minecraft:oxeye_daisy":1,"minecraft:hay_block":14,"minecraft:raw_iron_block":1,"minecraft:oak_trapdoor":1,"minecraft:furnace":7,"minecraft:iron_ore":17,"minecraft:cobbled_deepslate":8,"minecraft:andesite":40,"minecraft:deepslate_lapis_ore":10,"minecraft:fletching_table":1,"minecraft:azure_bluet":1,"minecraft:vine":6,"minecraft:cave_vines":2,"minecraft:dirt_path":68,"minecraft:deepslate_iron_ore":159,"minecraft:rail":8,"minecraft:azalea":6,"minecraft:stone":574,"minecraft:deepslate_redstone_ore":15,"lootr:lootr_chest":5,"minecraft:medium_amethyst_bud":2,"minecraft:amethyst_cluster":1,"minecraft:dandelion":7,"minecraft:clay":3,"minecraft:crafting_table":8,"minecraft:torch":2,"minecraft:chest":3,"minecraft:rose_bush":2,"minecraft:campfire":1,"minecraft:tall_grass":37,"minecraft:copper_ore":5,"minecraft:cobblestone":71,"minecraft:lapis_ore":4,"minecraft:deepslate_gold_ore":40,"minecraft:sugar_cane":1,"minecraft:oak_planks":4,"minecraft:diorite":11,"minecraft:wall_torch":9,"minecraft:amethyst_block":1,"minecraft:deepslate_copper_ore":14,"minecraft:seagrass":1,"minecraft:magenta_bed":2,"minecraft:wheat":12,"minecraft:white_carpet":4,"minecraft:yellow_bed":4,"minecraft:grass":891,"minecraft:oak_log":39,"minecraft:coal_ore":39,"minecraft:gravel":1,"minecraft:sand":62,"minecraft:dirt":94,"minecraft:cobweb":5,"minecraft:stonecutter":1,"minecraft:oak_leaves":7,"minecraft:deepslate":157},"minecraft:used":{"minecraft:oak_trapdoor":5,"minecraft:stone_sword":19,"minecraft:rose_bush":2,"minecraft:iron_shovel":377,"minecraft:ladder":21,"minecraft:chest":8,"minecraft:shield":76,"minecraft:iron_sword":114,"minecraft:stone_hoe":124,"minecraft:iron_chestplate":1,"minecraft:oak_door":1,"minecraft:torch":39,"minecraft:dirt":262,"minecraft:white_carpet":4,"minecraft:yellow_carpet":7,"minecraft:lava_bucket":1,"minecraft:iron_axe":17,"tombstone:tablet_of_cupidity":2,"minecraft:iron_boots":1,"minecraft:furnace":7,"tombstone:gift":4,"minecraft:cooked_beef":9,"travelersbackpack:enderman":2,"minecraft:cobbled_deepslate":92,"minecraft:wheat_seeds":97,"minecraft:water_bucket":21,"minecraft:stone_pickaxe":438,"minecraft:wooden_pickaxe":6,"minecraft:composter":3,"minecraft:stonecutter":1,"minecraft:sand":1,"minecraft:crafting_table":12,"minecraft:white_bed":12,"tombstone:bag_of_seeds":2,"minecraft:diamond_pickaxe":336,"minecraft:bread":62,"minecraft:iron_pickaxe":498,"minecraft:stone_button":49,"tombstone:magic_scroll":1,"minecraft:stone_axe":92,"minecraft:diamond_sword":202,"minecraft:cobblestone":298,"minecraft:bucket":24,"minecraft:yellow_bed":4,"minecraft:oak_boat":2,"alexsmobs:animal_dictionary":1,"minecraft:bone_meal":2},"minecraft:killed":{"alexsmobs:lobster":1,"minecraft:spider":11,"alexsmobs:seagull":2,"minecraft:slime":10,"minecraft:skeleton":17,"minecraft:chicken":1,"minecraft:zombie_villager":1,"minecraft:iron_golem":3,"minecraft:creeper":3,"minecraft:zombie":59,"minecraft:cow":7},"minecraft:crafted":{"minecraft:oak_planks":112,"minecraft:stone_button":50,"minecraft:stone":80,"minecraft:oak_trapdoor":6,"minecraft:iron_boots":1,"minecraft:iron_axe":1,"minecraft:ladder":21,"minecraft:stone_pickaxe":5,"minecraft:stone_hoe":1,"minecraft:wheat":125,"minecraft:cooked_beef":10,"minecraft:oak_slab":18,"minecraft:diamond_sword":1,"minecraft:crafting_table":5,"minecraft:wooden_pickaxe":1,"minecraft:bucket":2,"minecraft:stone_axe":1,"minecraft:bread":43,"minecraft:air":0,"minecraft:oak_boat":1,"minecraft:diamond_pickaxe":1,"minecraft:iron_chestplate":1,"minecraft:shield":1,"minecraft:stick":92,"minecraft:iron_ingot":26,"minecraft:iron_pickaxe":2,"minecraft:stone_sword":1,"minecraft:iron_shovel":2,"minecraft:iron_leggings":1,"minecraft:composter":2,"minecraft:torch":56}},"DataVersion":3465}