{"stats":{"minecraft:killed_by":{"minecraft:creeper":1,"minecraft:spider":1},"minecraft:picked_up":{"minecraft:wheat":6,"minecraft:crafting_table":7,"minecraft:azure_bluet":3,"minecraft:ladder":1,"minecraft:diamond_sword":1,"minecraft:wooden_pickaxe":1,"minecraft:enchanted_book":2,"minecraft:brewing_stand":2,"minecraft:amethyst_block":1,"minecraft:oak_trapdoor":1,"minecraft:string":13,"minecraft:raw_copper":63,"minecraft:white_carpet":4,"minecraft:iron_shovel":1,"minecraft:cartography_table":1,"minecraft:cobbled_deepslate":15,"travelersbackpack:enderman":1,"minecraft:beef":10,"minecraft:oak_boat":3,"minecraft:rose_bush":2,"minecraft:poppy":7,"minecraft:chest":8,"minecraft:furnace":7,"minecraft:egg":6,"minecraft:stick":6,"minecraft:raw_iron":126,"minecraft:oak_door":6,"minecraft:composter":2,"minecraft:torch":14,"minecraft:stone_button":5,"tombstone:grave_dust":8,"minecraft:diorite":7,"minecraft:carrot":1,"minecraft:redstone":60,"minecraft:stone_sword":1,"minecraft:arrow":13,"minecraft:rotten_flesh":38,"minecraft:hay_block":14,"alexsmobs:flying_fish":4,"minecraft:cobblestone":505,"minecraft:oxeye_daisy":1,"minecraft:andesite":16,"minecraft:leather":4,"minecraft:oak_log":34,"minecraft:yellow_bed":4,"minecraft:gunpowder":3,"minecraft:lapis_lazuli":58,"minecraft:dirt":348,"tombstone:gift":1,"minecraft:leather_boots":1,"minecraft:bone":22,"minecraft:apple":1,"minecraft:stonecutter":1,"minecraft:wheat_seeds":104,"minecraft:raw_gold":39,"minecraft:iron_ingot":13,"tombstone:bag_of_seeds":1,"minecraft:fletching_table":1,"minecraft:oak_planks":4,"minecraft:dandelion":12,"minecraft:sand":63,"minecraft:amethyst_shard":6,"minecraft:white_bed":12,"minecraft:spider_eye":5,"minecraft:mossy_cobblestone":1,"minecraft:bundle":3,"minecraft:yellow_carpet":7,"minecraft:slime_ball":8,"minecraft:diamond":12,"minecraft:granite":28,"minecraft:bone_meal":2,"tombstone:magic_scroll":1,"minecraft:oak_sapling":6,"minecraft:coal":53},"minecraft:dropped":{"minecraft:enchanted_book":1,"minecraft:stone_hoe":1,"minecraft:oak_slab":4,"minecraft:wheat_seeds":2,"minecraft:oak_log":6,"minecraft:mossy_cobblestone":1,"minecraft:cobblestone":5,"minecraft:granite":18,"minecraft:stick":1,"minecraft:oxeye_daisy":1,"minecraft:dirt":74,"minecraft:diorite":3,"minecraft:stone_button":6,"minecraft:torch":1,"alexsmobs:flying_fish":4,"minecraft:sand":1,"minecraft:iron_shovel":2,"minecraft:dandelion":14,"minecraft:oak_door":3,"minecraft:stone_axe":1,"minecraft:oak_trapdoor":2,"minecraft:stone_sword":2,"alexsmobs:animal_dictionary":1,"minecraft:cobbled_deepslate":9,"minecraft:wheat":2,"minecraft:rotten_flesh":1,"minecraft:oak_planks":9,"minecraft:azure_bluet":3,"minecraft:diamond_sword":1,"minecraft:poppy":5,"minecraft:bundle":2,"minecraft:andesite":15,"minecraft:ladder":1,"minecraft:leather_boots":2,"minecraft:oak_boat":1,"minecraft:oak_sapling":6,"minecraft:arrow":2,"minecraft:wooden_pickaxe":2,"minecraft:stone_pickaxe":2,"minecraft:egg":1},"minecraft:custom":{"lootr:looted_stat":7,"minecraft:mob_kills":97,"minecraft:interact_with_crafting_table":45,"goblintraders:trade_with_goblin":13,"minecraft:leave_game":5,"minecraft:time_since_death":227936,"minecraft:climb_one_cm":9942,"minecraft:sprint_one_cm":464117,"minecraft:walk_one_cm":716289,"minecraft:damage_blocked_by_shield":1055,"minecraft:drop":69,"minecraft:talked_to_villager":6,"minecraft:play_time":243850,"minecraft:deaths":3,"minecraft:sneak_time":6658,"minecraft:walk_under_water_one_cm":17719,"minecraft:jump":4132,"minecraft:walk_on_water_one_cm":88284,"minecraft:total_world_time":243850,"minecraft:interact_with_furnace":19,"minecraft:interact_with_grindstone":2,"minecraft:sleep_in_bed":4,"minecraft:time_since_rest":9526,"minecraft:damage_taken":3197,"minecraft:damage_dealt":17956,"minecraft:swim_one_cm":4926,"minecraft:fly_one_cm":649607,"minecraft:open_chest":22,"minecraft:crouch_one_cm":16935,"tombstone:undead_killed":58,"minecraft:fall_one_cm":93855},"minecraft:broken":{"minecraft:stone_pickaxe":2,"minecraft:iron_pickaxe":2},"minecraft:mined":{"minecraft:diamond_ore":5,"minecraft:tuff":1,"minecraft:white_bed":12,"minecraft:farmland":1,"minecraft:mossy_cobblestone":1,"minecraft:deepslate_diamond_ore":7,"minecraft:oak_door":3,"minecraft:brewing_stand":2,"minecraft:granite":17,"minecraft:ladder":1,"minecraft:budding_amethyst":2,"minecraft:grass_block":190,"minecraft:yellow_carpet":7,"minecraft:kelp":1,"minecraft:composter":2,"minecraft:cartography_table":1,"minecraft:oxeye_daisy":1,"minecraft:hay_block":14,"minecraft:oak_trapdoor":1,"minecraft:furnace":7,"minecraft:iron_ore":16,"minecraft:andesite":37,"minecraft:deepslate_lapis_ore":10,"minecraft:fletching_table":1,"minecraft:azure_bluet":1,"minecraft:dirt_path":68,"minecraft:deepslate_iron_ore":111,"minecraft:stone":534,"minecraft:deepslate_redstone_ore":15,"lootr:lootr_chest":5,"minecraft:medium_amethyst_bud":2,"minecraft:amethyst_cluster":1,"minecraft:dandelion":7,"minecraft:crafting_table":8,"minecraft:torch":2,"minecraft:chest":3,"minecraft:rose_bush":2,"minecraft:tall_grass":37,"minecraft:copper_ore":5,"minecraft:cobblestone":69,"minecraft:deepslate_gold_ore":39,"minecraft:oak_planks":4,"minecraft:diorite":7,"minecraft:wall_torch":7,"minecraft:amethyst_block":1,"minecraft:deepslate_copper_ore":14,"minecraft:seagrass":1,"minecraft:wheat":12,"minecraft:white_carpet":4,"minecraft:yellow_bed":4,"minecraft:grass":888,"minecraft:oak_log":39,"minecraft:coal_ore":39,"minecraft:gravel":1,"minecraft:sand":62,"minecraft:dirt":90,"minecraft:stonecutter":1,"minecraft:oak_leaves":7,"minecraft:deepslate":20},"minecraft:used":{"minecraft:oak_trapdoor":5,"minecraft:stone_sword":19,"minecraft:rose_bush":2,"minecraft:iron_shovel":364,"minecraft:ladder":12,"minecraft:chest":8,"minecraft:shield":66,"minecraft:iron_sword":114,"minecraft:stone_hoe":124,"minecraft:iron_chestplate":1,"minecraft:oak_door":1,"minecraft:torch":35,"minecraft:dirt":257,"minecraft:white_carpet":4,"minecraft:iron_axe":2,"tombstone:tablet_of_cupidity":1,"minecraft:iron_boots":1,"minecraft:furnace":7,"tombstone:gift":4,"minecraft:cooked_beef":2,"travelersbackpack:enderman":2,"minecraft:cobbled_deepslate":6,"minecraft:wheat_seeds":97,"minecraft:water_bucket":13,"minecraft:stone_pickaxe":438,"minecraft:wooden_pickaxe":6,"minecraft:composter":3,"minecraft:sand":1,"minecraft:crafting_table":12,"minecraft:white_bed":12,"tombstone:bag_of_seeds":2,"minecraft:diamond_pickaxe":49,"minecraft:bread":62,"minecraft:iron_pickaxe":498,"minecraft:stone_button":49,"tombstone:magic_scroll":1,"minecraft:stone_axe":92,"minecraft:diamond_sword":125,"minecraft:cobblestone":257,"minecraft:bucket":15,"minecraft:yellow_bed":4,"minecraft:oak_boat":2,"alexsmobs:animal_dictionary":1,"minecraft:bone_meal":2},"minecraft:killed":{"alexsmobs:lobster":1,"minecraft:spider":9,"alexsmobs:seagull":2,"minecraft:slime":10,"minecraft:skeleton":16,"minecraft:zombie_villager":1,"minecraft:iron_golem":3,"minecraft:creeper":3,"minecraft:zombie":41,"minecraft:cow":6},"minecraft:crafted":{"minecraft:oak_planks":112,"minecraft:stone_button":50,"minecraft:stone":80,"minecraft:oak_trapdoor":6,"minecraft:iron_boots":1,"minecraft:iron_axe":1,"minecraft:ladder":12,"minecraft:stone_pickaxe":5,"minecraft:stone_hoe":1,"minecraft:wheat":125,"minecraft:cooked_beef":10,"minecraft:oak_slab":18,"minecraft:diamond_sword":1,"minecraft:crafting_table":5,"minecraft:wooden_pickaxe":1,"minecraft:bucket":2,"minecraft:stone_axe":1,"minecraft:bread":43,"minecraft:air":0,"minecraft:oak_boat":1,"minecraft:diamond_pickaxe":1,"minecraft:iron_chestplate":1,"minecraft:shield":1,"minecraft:stick":92,"minecraft:iron_ingot":26,"minecraft:iron_pickaxe":2,"minecraft:stone_sword":1,"minecraft:iron_shovel":2,"minecraft:iron_leggings":1,"minecraft:composter":2,"minecraft:torch":56}},"DataVersion":3465}