{"stats":{"minecraft:dropped":{"alexsmobs:animal_dictionary":1,"minecraft:mossy_cobblestone":1,"minecraft:stick":1,"minecraft:poppy":1,"minecraft:wooden_pickaxe":1,"minecraft:egg":1},"minecraft:picked_up":{"minecraft:leather":4,"minecraft:wooden_pickaxe":1,"minecraft:oak_log":5,"minecraft:brewing_stand":2,"minecraft:yellow_bed":1,"minecraft:dirt":17,"minecraft:bone":2,"minecraft:apple":1,"minecraft:stonecutter":1,"minecraft:wheat_seeds":3,"travelersbackpack:enderman":1,"minecraft:iron_ingot":4,"minecraft:beef":10,"minecraft:rose_bush":2,"minecraft:poppy":1,"minecraft:egg":3,"minecraft:furnace":2,"minecraft:composter":1,"minecraft:torch":5,"tombstone:grave_dust":2,"minecraft:white_bed":2,"minecraft:mossy_cobblestone":1,"minecraft:rotten_flesh":1,"minecraft:hay_block":14,"minecraft:bone_meal":1,"minecraft:oak_sapling":2,"minecraft:cobblestone":13,"alexsmobs:flying_fish":2},"minecraft:custom":{"lootr:looted_stat":4,"minecraft:mob_kills":10,"minecraft:interact_with_crafting_table":10,"minecraft:interact_with_grindstone":2,"minecraft:leave_game":5,"minecraft:time_since_death":24476,"minecraft:climb_one_cm":4009,"minecraft:time_since_rest":23882,"minecraft:sprint_one_cm":48278,"minecraft:damage_taken":987,"minecraft:walk_one_cm":169175,"minecraft:drop":6,"minecraft:damage_dealt":2337,"minecraft:swim_one_cm":1494,"minecraft:fly_one_cm":133692,"minecraft:crouch_one_cm":163,"minecraft:play_time":40390,"tombstone:undead_killed":3,"minecraft:deaths":3,"minecraft:sneak_time":70,"minecraft:walk_under_water_one_cm":293,"minecraft:jump":847,"minecraft:walk_on_water_one_cm":1609,"minecraft:total_world_time":40390,"minecraft:fall_one_cm":22994},"minecraft:mined":{"minecraft:white_bed":2,"minecraft:mossy_cobblestone":1,"minecraft:brewing_stand":2,"minecraft:torch":1,"minecraft:grass_block":8,"minecraft:rose_bush":2,"minecraft:tall_grass":3,"minecraft:cobblestone":4,"minecraft:composter":1,"minecraft:wall_torch":3,"minecraft:hay_block":14,"minecraft:furnace":2,"minecraft:yellow_bed":1,"minecraft:grass":42,"minecraft:oak_log":5,"minecraft:dirt":9,"minecraft:stonecutter":1,"minecraft:stone":9,"minecraft:oak_leaves":7},"minecraft:killed_by":{"minecraft:creeper":1,"minecraft:spider":1},"minecraft:used":{"minecraft:wheat_seeds":1,"minecraft:stone_sword":19,"minecraft:stone_pickaxe":19,"minecraft:wooden_pickaxe":6,"minecraft:iron_sword":23,"minecraft:stone_hoe":18,"minecraft:dirt":3,"minecraft:crafting_table":2,"minecraft:bread":6,"minecraft:stone_axe":3,"alexsmobs:animal_dictionary":1,"travelersbackpack:enderman":1},"minecraft:killed":{"minecraft:iron_golem":1,"minecraft:zombie":3,"minecraft:cow":6},"minecraft:crafted":{"minecraft:oak_planks":20,"minecraft:crafting_table":2,"minecraft:wooden_pickaxe":1,"minecraft:bucket":1,"minecraft:stone_axe":1,"minecraft:stick":12,"minecraft:stone_pickaxe":2,"minecraft:stone_sword":1,"minecraft:stone_hoe":1}},"DataVersion":3465}