{"stats":{"minecraft:dropped":{"alexsmobs:animal_dictionary":1,"minecraft:wooden_pickaxe":1,"minecraft:egg":1},"minecraft:picked_up":{"minecraft:composter":1,"minecraft:leather":2,"minecraft:wooden_pickaxe":1,"minecraft:torch":5,"minecraft:oak_log":5,"minecraft:brewing_stand":2,"minecraft:white_bed":2,"minecraft:mossy_cobblestone":1,"minecraft:dirt":16,"minecraft:bone":2,"minecraft:apple":1,"minecraft:stonecutter":1,"minecraft:wheat_seeds":1,"minecraft:beef":1,"minecraft:hay_block":14,"minecraft:iron_ingot":4,"minecraft:bone_meal":1,"minecraft:rose_bush":2,"minecraft:poppy":1,"minecraft:oak_sapling":2,"minecraft:furnace":2,"alexsmobs:flying_fish":2,"minecraft:cobblestone":13,"minecraft:egg":3},"minecraft:custom":{"minecraft:time_since_rest":11882,"lootr:looted_stat":3,"minecraft:sprint_one_cm":38142,"minecraft:damage_taken":918,"minecraft:walk_one_cm":79661,"minecraft:mob_kills":2,"minecraft:drop":3,"minecraft:damage_dealt":1247,"minecraft:interact_with_crafting_table":9,"minecraft:swim_one_cm":1494,"minecraft:fly_one_cm":121149,"minecraft:crouch_one_cm":163,"minecraft:play_time":28390,"minecraft:deaths":3,"minecraft:sneak_time":70,"minecraft:walk_under_water_one_cm":293,"minecraft:jump":646,"minecraft:interact_with_grindstone":2,"minecraft:leave_game":5,"minecraft:time_since_death":12476,"minecraft:walk_on_water_one_cm":1609,"minecraft:climb_one_cm":2222,"minecraft:total_world_time":28390,"minecraft:fall_one_cm":19948},"minecraft:mined":{"minecraft:hay_block":14,"minecraft:white_bed":2,"minecraft:furnace":2,"minecraft:mossy_cobblestone":1,"minecraft:brewing_stand":2,"minecraft:torch":1,"minecraft:grass":20,"minecraft:grass_block":7,"minecraft:oak_log":5,"minecraft:rose_bush":2,"minecraft:dirt":9,"minecraft:tall_grass":1,"minecraft:cobblestone":4,"minecraft:stonecutter":1,"minecraft:stone":9,"minecraft:composter":1,"minecraft:oak_leaves":7,"minecraft:wall_torch":3},"minecraft:killed_by":{"minecraft:creeper":1,"minecraft:spider":1},"minecraft:used":{"minecraft:wheat_seeds":1,"minecraft:stone_sword":19,"minecraft:bread":1,"minecraft:stone_pickaxe":19,"minecraft:wooden_pickaxe":6,"minecraft:iron_sword":2,"minecraft:stone_hoe":17,"minecraft:stone_axe":1,"minecraft:dirt":3,"minecraft:crafting_table":2,"alexsmobs:animal_dictionary":1},"minecraft:killed":{"minecraft:iron_golem":1,"minecraft:cow":1},"minecraft:crafted":{"minecraft:oak_planks":20,"minecraft:crafting_table":2,"minecraft:stick":12,"minecraft:wooden_pickaxe":1,"minecraft:stone_pickaxe":2,"minecraft:stone_sword":1,"minecraft:stone_axe":1,"minecraft:stone_hoe":1}},"DataVersion":3465}