{"stats":{"minecraft:dropped":{"minecraft:stone_hoe":1,"minecraft:oak_slab":4,"minecraft:wheat_seeds":1,"minecraft:mossy_cobblestone":1,"minecraft:cobblestone":1,"minecraft:stick":1,"minecraft:oxeye_daisy":1,"minecraft:diorite":1,"minecraft:torch":1,"minecraft:sand":1,"minecraft:iron_shovel":1,"minecraft:dandelion":14,"minecraft:stone_sword":1,"alexsmobs:animal_dictionary":1,"minecraft:azure_bluet":3,"minecraft:poppy":5,"minecraft:oak_sapling":6,"minecraft:stone_pickaxe":1,"minecraft:wooden_pickaxe":2,"minecraft:egg":1},"minecraft:custom":{"lootr:looted_stat":5,"minecraft:mob_kills":20,"minecraft:interact_with_crafting_table":30,"minecraft:leave_game":5,"minecraft:time_since_death":162476,"minecraft:climb_one_cm":7611,"minecraft:sprint_one_cm":339421,"minecraft:walk_one_cm":527026,"minecraft:drop":28,"minecraft:talked_to_villager":6,"minecraft:play_time":178390,"minecraft:deaths":3,"minecraft:sneak_time":4325,"minecraft:walk_under_water_one_cm":11193,"minecraft:jump":2515,"minecraft:walk_on_water_one_cm":74929,"minecraft:total_world_time":178390,"minecraft:interact_with_furnace":19,"minecraft:interact_with_grindstone":2,"minecraft:sleep_in_bed":3,"minecraft:time_since_rest":30983,"minecraft:damage_taken":1611,"minecraft:damage_dealt":4970,"minecraft:swim_one_cm":3286,"minecraft:fly_one_cm":456177,"minecraft:open_chest":1,"minecraft:crouch_one_cm":11620,"tombstone:undead_killed":6,"minecraft:fall_one_cm":58583},"minecraft:picked_up":{"minecraft:crafting_table":5,"minecraft:wheat":5,"minecraft:azure_bluet":3,"minecraft:ladder":1,"minecraft:wooden_pickaxe":1,"minecraft:brewing_stand":2,"minecraft:oak_trapdoor":1,"minecraft:string":2,"minecraft:white_carpet":4,"minecraft:iron_shovel":1,"minecraft:cartography_table":1,"travelersbackpack:enderman":1,"minecraft:beef":10,"minecraft:oak_boat":2,"minecraft:rose_bush":2,"minecraft:poppy":7,"minecraft:chest":6,"minecraft:furnace":7,"minecraft:egg":6,"minecraft:stick":4,"minecraft:raw_iron":4,"minecraft:oak_door":3,"minecraft:composter":2,"minecraft:torch":10,"minecraft:stone_button":2,"tombstone:grave_dust":4,"minecraft:diorite":3,"minecraft:stone_sword":1,"minecraft:rotten_flesh":9,"minecraft:hay_block":14,"alexsmobs:flying_fish":4,"minecraft:cobblestone":374,"minecraft:oxeye_daisy":1,"minecraft:andesite":15,"minecraft:leather":4,"minecraft:oak_log":34,"minecraft:yellow_bed":4,"minecraft:dirt":319,"minecraft:bone":2,"minecraft:apple":1,"minecraft:stonecutter":1,"minecraft:wheat_seeds":104,"minecraft:iron_ingot":12,"minecraft:fletching_table":1,"minecraft:oak_planks":4,"minecraft:dandelion":12,"minecraft:sand":63,"minecraft:white_bed":11,"minecraft:mossy_cobblestone":1,"minecraft:bundle":1,"minecraft:yellow_carpet":7,"minecraft:granite":7,"minecraft:bone_meal":2,"minecraft:oak_sapling":6,"minecraft:coal":53},"minecraft:mined":{"minecraft:white_bed":11,"minecraft:farmland":1,"minecraft:mossy_cobblestone":1,"minecraft:oak_door":3,"minecraft:brewing_stand":2,"minecraft:ladder":1,"minecraft:granite":7,"minecraft:grass_block":188,"minecraft:yellow_carpet":7,"minecraft:composter":2,"minecraft:cartography_table":1,"minecraft:kelp":1,"minecraft:oxeye_daisy":1,"minecraft:hay_block":14,"minecraft:oak_trapdoor":1,"minecraft:furnace":7,"minecraft:andesite":31,"minecraft:fletching_table":1,"minecraft:azure_bluet":1,"minecraft:deepslate_iron_ore":4,"minecraft:dirt_path":68,"minecraft:stone":400,"lootr:lootr_chest":5,"minecraft:dandelion":7,"minecraft:crafting_table":6,"minecraft:torch":1,"minecraft:chest":1,"minecraft:rose_bush":2,"minecraft:tall_grass":37,"minecraft:cobblestone":63,"minecraft:oak_planks":4,"minecraft:diorite":3,"minecraft:wall_torch":4,"minecraft:seagrass":1,"minecraft:wheat":12,"minecraft:white_carpet":4,"minecraft:yellow_bed":4,"minecraft:grass":888,"minecraft:oak_log":39,"minecraft:coal_ore":39,"minecraft:gravel":1,"minecraft:sand":62,"minecraft:dirt":83,"minecraft:stonecutter":1,"minecraft:deepslate":1,"minecraft:oak_leaves":7},"minecraft:killed_by":{"minecraft:creeper":1,"minecraft:spider":1},"minecraft:used":{"minecraft:oak_trapdoor":5,"minecraft:rose_bush":2,"minecraft:stone_sword":19,"minecraft:iron_shovel":358,"minecraft:ladder":12,"minecraft:iron_sword":67,"minecraft:stone_hoe":124,"minecraft:torch":28,"minecraft:dirt":178,"minecraft:white_carpet":4,"minecraft:furnace":3,"minecraft:cooked_beef":1,"travelersbackpack:enderman":1,"minecraft:wheat_seeds":97,"minecraft:water_bucket":4,"minecraft:stone_pickaxe":438,"minecraft:wooden_pickaxe":6,"minecraft:composter":3,"minecraft:sand":1,"minecraft:crafting_table":8,"minecraft:white_bed":11,"minecraft:bread":27,"minecraft:iron_pickaxe":139,"minecraft:stone_button":49,"minecraft:stone_axe":91,"minecraft:cobblestone":208,"minecraft:bucket":6,"minecraft:yellow_bed":4,"alexsmobs:animal_dictionary":1,"minecraft:oak_boat":2,"minecraft:bone_meal":2},"minecraft:broken":{"minecraft:stone_pickaxe":2},"minecraft:killed":{"minecraft:spider":2,"alexsmobs:seagull":1,"minecraft:iron_golem":3,"minecraft:zombie":6,"minecraft:cow":6},"minecraft:crafted":{"minecraft:oak_planks":112,"minecraft:stone_button":50,"minecraft:stone":80,"minecraft:oak_trapdoor":6,"minecraft:ladder":12,"minecraft:stone_pickaxe":5,"minecraft:stone_hoe":1,"minecraft:wheat":27,"minecraft:cooked_beef":10,"minecraft:oak_slab":18,"minecraft:crafting_table":3,"minecraft:wooden_pickaxe":1,"minecraft:bucket":2,"minecraft:stone_axe":1,"minecraft:bread":10,"minecraft:air":0,"minecraft:oak_boat":1,"minecraft:stick":92,"minecraft:iron_pickaxe":1,"minecraft:stone_sword":1,"minecraft:iron_shovel":2,"minecraft:composter":2,"minecraft:torch":28}},"DataVersion":3465}