{"stats":{"minecraft:dropped":{"minecraft:stone_sword":1,"alexsmobs:animal_dictionary":1,"minecraft:mossy_cobblestone":1,"minecraft:azure_bluet":1,"minecraft:stick":1,"minecraft:poppy":5,"minecraft:diorite":1,"minecraft:torch":1,"minecraft:sand":1,"minecraft:wooden_pickaxe":2,"minecraft:iron_shovel":1,"minecraft:egg":1},"minecraft:custom":{"lootr:looted_stat":5,"minecraft:mob_kills":15,"minecraft:interact_with_crafting_table":22,"minecraft:interact_with_grindstone":2,"minecraft:leave_game":5,"minecraft:time_since_death":114476,"minecraft:sleep_in_bed":2,"minecraft:climb_one_cm":5287,"minecraft:time_since_rest":30260,"minecraft:sprint_one_cm":285044,"minecraft:damage_taken":1263,"minecraft:walk_one_cm":399575,"minecraft:drop":16,"minecraft:damage_dealt":4467,"minecraft:talked_to_villager":1,"minecraft:swim_one_cm":1865,"minecraft:fly_one_cm":347273,"minecraft:open_chest":1,"minecraft:crouch_one_cm":4366,"minecraft:play_time":130390,"tombstone:undead_killed":5,"minecraft:deaths":3,"minecraft:sneak_time":2283,"minecraft:walk_under_water_one_cm":3403,"minecraft:jump":1923,"minecraft:walk_on_water_one_cm":43774,"minecraft:total_world_time":130390,"minecraft:fall_one_cm":45471},"minecraft:picked_up":{"minecraft:crafting_table":4,"minecraft:wheat":1,"minecraft:azure_bluet":2,"minecraft:andesite":5,"minecraft:leather":4,"minecraft:wooden_pickaxe":1,"minecraft:oak_log":13,"minecraft:brewing_stand":2,"minecraft:yellow_bed":2,"minecraft:oak_trapdoor":1,"minecraft:dirt":287,"minecraft:iron_shovel":1,"minecraft:white_carpet":4,"minecraft:bone":2,"minecraft:apple":1,"minecraft:stonecutter":1,"minecraft:wheat_seeds":88,"minecraft:cartography_table":1,"travelersbackpack:enderman":1,"minecraft:iron_ingot":12,"minecraft:beef":10,"minecraft:rose_bush":2,"minecraft:poppy":7,"minecraft:fletching_table":1,"minecraft:chest":6,"minecraft:oak_planks":4,"minecraft:egg":6,"minecraft:furnace":4,"minecraft:oak_door":2,"minecraft:composter":2,"minecraft:torch":6,"minecraft:dandelion":5,"minecraft:sand":29,"tombstone:grave_dust":4,"minecraft:diorite":1,"minecraft:white_bed":4,"minecraft:mossy_cobblestone":1,"minecraft:bundle":1,"minecraft:stone_sword":1,"minecraft:yellow_carpet":7,"minecraft:rotten_flesh":6,"minecraft:hay_block":14,"minecraft:granite":1,"minecraft:bone_meal":2,"minecraft:oak_sapling":3,"minecraft:coal":23,"minecraft:cobblestone":277,"alexsmobs:flying_fish":4,"minecraft:oxeye_daisy":1},"minecraft:mined":{"minecraft:white_bed":4,"lootr:lootr_chest":5,"minecraft:mossy_cobblestone":1,"minecraft:oak_door":2,"minecraft:dandelion":7,"minecraft:brewing_stand":2,"minecraft:crafting_table":5,"minecraft:torch":1,"minecraft:granite":1,"minecraft:grass_block":176,"minecraft:yellow_carpet":7,"minecraft:chest":1,"minecraft:rose_bush":2,"minecraft:tall_grass":37,"minecraft:cobblestone":40,"minecraft:kelp":1,"minecraft:oak_planks":4,"minecraft:cartography_table":1,"minecraft:composter":2,"minecraft:diorite":1,"minecraft:oxeye_daisy":1,"minecraft:wall_torch":3,"minecraft:seagrass":1,"minecraft:hay_block":14,"minecraft:oak_trapdoor":1,"minecraft:furnace":4,"minecraft:wheat":1,"minecraft:white_carpet":4,"minecraft:andesite":12,"minecraft:fletching_table":1,"minecraft:yellow_bed":2,"minecraft:azure_bluet":1,"minecraft:grass":888,"minecraft:coal_ore":15,"minecraft:oak_log":14,"minecraft:dirt_path":63,"minecraft:gravel":1,"minecraft:sand":31,"minecraft:dirt":57,"minecraft:stonecutter":1,"minecraft:stone":276,"minecraft:oak_leaves":7},"minecraft:killed_by":{"minecraft:creeper":1,"minecraft:spider":1},"minecraft:used":{"minecraft:oak_trapdoor":4,"minecraft:wheat_seeds":83,"minecraft:water_bucket":3,"minecraft:rose_bush":2,"minecraft:stone_sword":19,"minecraft:iron_shovel":296,"minecraft:stone_pickaxe":367,"minecraft:wooden_pickaxe":6,"minecraft:iron_sword":57,"minecraft:composter":2,"minecraft:stone_hoe":117,"minecraft:torch":4,"minecraft:sand":1,"minecraft:dirt":134,"minecraft:crafting_table":6,"minecraft:white_bed":4,"minecraft:bread":22,"minecraft:stone_axe":47,"minecraft:cobblestone":131,"minecraft:bucket":4,"minecraft:yellow_bed":2,"alexsmobs:animal_dictionary":1,"travelersbackpack:enderman":1,"minecraft:bone_meal":2},"minecraft:killed":{"minecraft:spider":1,"minecraft:iron_golem":3,"minecraft:zombie":5,"minecraft:cow":6},"minecraft:broken":{"minecraft:stone_pickaxe":2},"minecraft:crafted":{"minecraft:oak_slab":18,"minecraft:oak_planks":52,"minecraft:crafting_table":2,"minecraft:wooden_pickaxe":1,"minecraft:bucket":2,"minecraft:stone_axe":1,"minecraft:bread":3,"minecraft:oak_trapdoor":4,"minecraft:stick":20,"minecraft:stone_pickaxe":4,"minecraft:stone_sword":1,"minecraft:iron_shovel":2,"minecraft:composter":2,"minecraft:stone_hoe":1,"minecraft:wheat":18}},"DataVersion":3465}