{"stats":{"minecraft:dropped":{"minecraft:stone_hoe":1,"minecraft:oak_slab":4,"minecraft:wheat_seeds":2,"minecraft:oak_log":6,"minecraft:mossy_cobblestone":1,"minecraft:cobblestone":1,"minecraft:granite":12,"minecraft:stick":1,"minecraft:oxeye_daisy":1,"minecraft:dirt":28,"minecraft:diorite":3,"minecraft:stone_button":6,"minecraft:torch":1,"alexsmobs:flying_fish":4,"minecraft:sand":1,"minecraft:iron_shovel":2,"minecraft:dandelion":14,"minecraft:oak_door":1,"minecraft:oak_trapdoor":2,"minecraft:stone_sword":2,"alexsmobs:animal_dictionary":1,"minecraft:cobbled_deepslate":3,"minecraft:rotten_flesh":1,"minecraft:azure_bluet":3,"minecraft:poppy":5,"minecraft:andesite":10,"minecraft:oak_boat":1,"minecraft:leather_boots":2,"minecraft:oak_sapling":6,"minecraft:ladder":1,"minecraft:arrow":2,"minecraft:stone_pickaxe":2,"minecraft:wooden_pickaxe":2,"minecraft:egg":1},"minecraft:custom":{"lootr:looted_stat":5,"minecraft:mob_kills":47,"minecraft:interact_with_crafting_table":38,"goblintraders:trade_with_goblin":13,"minecraft:leave_game":5,"minecraft:time_since_death":186476,"minecraft:climb_one_cm":7611,"minecraft:sprint_one_cm":377681,"minecraft:walk_one_cm":604331,"minecraft:damage_blocked_by_shield":315,"minecraft:drop":52,"minecraft:talked_to_villager":6,"minecraft:play_time":202390,"minecraft:deaths":3,"minecraft:sneak_time":4974,"minecraft:walk_under_water_one_cm":13484,"minecraft:jump":3163,"minecraft:walk_on_water_one_cm":80735,"minecraft:total_world_time":202390,"minecraft:interact_with_furnace":19,"minecraft:interact_with_grindstone":2,"minecraft:sleep_in_bed":3,"minecraft:time_since_rest":54983,"minecraft:damage_taken":2039,"minecraft:damage_dealt":8084,"minecraft:swim_one_cm":3286,"minecraft:fly_one_cm":525791,"minecraft:open_chest":1,"minecraft:crouch_one_cm":13044,"tombstone:undead_killed":18,"minecraft:fall_one_cm":74174},"minecraft:picked_up":{"minecraft:crafting_table":6,"minecraft:wheat":6,"minecraft:azure_bluet":3,"minecraft:ladder":1,"minecraft:wooden_pickaxe":1,"minecraft:brewing_stand":2,"minecraft:oak_trapdoor":1,"minecraft:string":6,"minecraft:raw_copper":37,"minecraft:white_carpet":4,"minecraft:iron_shovel":1,"minecraft:cartography_table":1,"minecraft:cobbled_deepslate":6,"travelersbackpack:enderman":1,"minecraft:beef":10,"minecraft:oak_boat":3,"minecraft:rose_bush":2,"minecraft:poppy":7,"minecraft:chest":6,"minecraft:furnace":7,"minecraft:egg":6,"minecraft:stick":4,"minecraft:raw_iron":32,"minecraft:oak_door":4,"minecraft:composter":2,"minecraft:torch":14,"minecraft:stone_button":5,"tombstone:grave_dust":5,"minecraft:diorite":3,"minecraft:redstone":60,"minecraft:arrow":2,"minecraft:stone_sword":1,"minecraft:rotten_flesh":12,"minecraft:hay_block":14,"alexsmobs:flying_fish":4,"minecraft:cobblestone":374,"minecraft:oxeye_daisy":1,"minecraft:andesite":15,"minecraft:leather":4,"minecraft:oak_log":34,"minecraft:yellow_bed":4,"minecraft:lapis_lazuli":29,"minecraft:dirt":319,"minecraft:leather_boots":1,"minecraft:bone":8,"minecraft:apple":1,"minecraft:stonecutter":1,"minecraft:wheat_seeds":104,"minecraft:raw_gold":21,"minecraft:iron_ingot":12,"tombstone:bag_of_seeds":1,"minecraft:fletching_table":1,"minecraft:oak_planks":4,"minecraft:dandelion":12,"minecraft:sand":63,"minecraft:white_bed":11,"minecraft:spider_eye":2,"minecraft:mossy_cobblestone":1,"minecraft:bundle":1,"minecraft:yellow_carpet":7,"minecraft:slime_ball":8,"minecraft:diamond":5,"minecraft:granite":13,"minecraft:bone_meal":2,"minecraft:oak_sapling":6,"minecraft:coal":53},"minecraft:mined":{"minecraft:tuff":1,"minecraft:white_bed":11,"minecraft:farmland":1,"minecraft:mossy_cobblestone":1,"minecraft:deepslate_diamond_ore":5,"minecraft:oak_door":3,"minecraft:brewing_stand":2,"minecraft:ladder":1,"minecraft:granite":7,"minecraft:grass_block":188,"minecraft:yellow_carpet":7,"minecraft:composter":2,"minecraft:cartography_table":1,"minecraft:kelp":1,"minecraft:oxeye_daisy":1,"minecraft:hay_block":14,"minecraft:oak_trapdoor":1,"minecraft:furnace":7,"minecraft:andesite":31,"minecraft:deepslate_lapis_ore":4,"minecraft:fletching_table":1,"minecraft:azure_bluet":1,"minecraft:deepslate_iron_ore":32,"minecraft:dirt_path":68,"minecraft:stone":400,"minecraft:deepslate_redstone_ore":15,"lootr:lootr_chest":5,"minecraft:dandelion":7,"minecraft:crafting_table":7,"minecraft:torch":2,"minecraft:chest":1,"minecraft:rose_bush":2,"minecraft:copper_ore":3,"minecraft:tall_grass":37,"minecraft:cobblestone":63,"minecraft:deepslate_gold_ore":21,"minecraft:oak_planks":4,"minecraft:diorite":3,"minecraft:wall_torch":7,"minecraft:deepslate_copper_ore":7,"minecraft:seagrass":1,"minecraft:wheat":12,"minecraft:white_carpet":4,"minecraft:yellow_bed":4,"minecraft:grass":888,"minecraft:oak_log":39,"minecraft:coal_ore":39,"minecraft:gravel":1,"minecraft:sand":62,"minecraft:dirt":83,"minecraft:stonecutter":1,"minecraft:deepslate":9,"minecraft:oak_leaves":7},"minecraft:killed_by":{"minecraft:creeper":1,"minecraft:spider":1},"minecraft:used":{"minecraft:oak_trapdoor":5,"minecraft:rose_bush":2,"minecraft:stone_sword":19,"minecraft:iron_shovel":358,"minecraft:ladder":12,"minecraft:shield":13,"minecraft:iron_sword":114,"minecraft:stone_hoe":124,"minecraft:iron_chestplate":1,"minecraft:torch":33,"minecraft:dirt":214,"minecraft:white_carpet":4,"minecraft:iron_boots":1,"minecraft:furnace":3,"tombstone:gift":2,"minecraft:cooked_beef":1,"travelersbackpack:enderman":1,"minecraft:wheat_seeds":97,"minecraft:water_bucket":7,"minecraft:stone_pickaxe":438,"minecraft:wooden_pickaxe":6,"minecraft:composter":3,"minecraft:sand":1,"minecraft:crafting_table":10,"minecraft:white_bed":11,"minecraft:bread":38,"minecraft:iron_pickaxe":233,"minecraft:stone_button":49,"minecraft:stone_axe":92,"minecraft:diamond_sword":11,"minecraft:cobblestone":208,"minecraft:bucket":9,"minecraft:yellow_bed":4,"alexsmobs:animal_dictionary":1,"minecraft:oak_boat":2,"minecraft:bone_meal":2},"minecraft:broken":{"minecraft:stone_pickaxe":2},"minecraft:killed":{"alexsmobs:lobster":1,"minecraft:spider":5,"alexsmobs:seagull":1,"minecraft:slime":10,"minecraft:skeleton":3,"minecraft:iron_golem":3,"minecraft:zombie":15,"minecraft:cow":6},"minecraft:crafted":{"minecraft:oak_planks":112,"minecraft:stone_button":50,"minecraft:stone":80,"minecraft:oak_trapdoor":6,"minecraft:iron_boots":1,"minecraft:ladder":12,"minecraft:stone_pickaxe":5,"minecraft:stone_hoe":1,"minecraft:wheat":125,"minecraft:cooked_beef":10,"minecraft:oak_slab":18,"minecraft:diamond_sword":1,"minecraft:crafting_table":5,"minecraft:wooden_pickaxe":1,"minecraft:bucket":2,"minecraft:stone_axe":1,"minecraft:bread":37,"minecraft:air":0,"minecraft:oak_boat":1,"minecraft:iron_chestplate":1,"minecraft:shield":1,"minecraft:stick":92,"minecraft:iron_ingot":26,"minecraft:iron_pickaxe":2,"minecraft:stone_sword":1,"minecraft:iron_shovel":2,"minecraft:iron_leggings":1,"minecraft:composter":2,"minecraft:torch":28}},"DataVersion":3465}