{"stats":{"minecraft:dropped":{"minecraft:stone_sword":1,"alexsmobs:animal_dictionary":1,"minecraft:mossy_cobblestone":1,"minecraft:cobblestone":1,"minecraft:azure_bluet":3,"minecraft:stick":1,"minecraft:poppy":5,"minecraft:diorite":1,"minecraft:torch":1,"minecraft:sand":1,"minecraft:wooden_pickaxe":2,"minecraft:iron_shovel":1,"minecraft:egg":1},"minecraft:custom":{"lootr:looted_stat":5,"minecraft:mob_kills":18,"minecraft:interact_with_crafting_table":23,"minecraft:interact_with_grindstone":2,"minecraft:leave_game":5,"minecraft:time_since_death":126476,"minecraft:sleep_in_bed":2,"minecraft:climb_one_cm":5287,"minecraft:time_since_rest":42260,"minecraft:sprint_one_cm":291789,"minecraft:damage_taken":1373,"minecraft:walk_one_cm":427599,"minecraft:drop":19,"minecraft:damage_dealt":4768,"minecraft:talked_to_villager":2,"minecraft:swim_one_cm":1865,"minecraft:fly_one_cm":366185,"minecraft:open_chest":1,"minecraft:crouch_one_cm":4526,"minecraft:play_time":142390,"tombstone:undead_killed":6,"minecraft:deaths":3,"minecraft:sneak_time":2367,"minecraft:walk_under_water_one_cm":7642,"minecraft:jump":2051,"minecraft:walk_on_water_one_cm":68249,"minecraft:total_world_time":142390,"minecraft:fall_one_cm":47094},"minecraft:picked_up":{"minecraft:crafting_table":4,"minecraft:wheat":1,"minecraft:azure_bluet":3,"minecraft:andesite":5,"minecraft:leather":4,"minecraft:wooden_pickaxe":1,"minecraft:oak_log":13,"minecraft:brewing_stand":2,"minecraft:yellow_bed":3,"minecraft:oak_trapdoor":1,"minecraft:dirt":293,"minecraft:iron_shovel":1,"minecraft:white_carpet":4,"minecraft:bone":2,"minecraft:apple":1,"minecraft:stonecutter":1,"minecraft:wheat_seeds":89,"minecraft:cartography_table":1,"travelersbackpack:enderman":1,"minecraft:iron_ingot":12,"minecraft:beef":10,"minecraft:rose_bush":2,"minecraft:poppy":7,"minecraft:fletching_table":1,"minecraft:chest":6,"minecraft:oak_planks":4,"minecraft:egg":6,"minecraft:furnace":4,"minecraft:oak_door":2,"minecraft:composter":2,"minecraft:torch":6,"minecraft:dandelion":5,"minecraft:sand":59,"tombstone:grave_dust":4,"minecraft:diorite":1,"minecraft:white_bed":6,"minecraft:mossy_cobblestone":1,"minecraft:bundle":1,"minecraft:stone_sword":1,"minecraft:yellow_carpet":7,"minecraft:rotten_flesh":7,"minecraft:hay_block":14,"minecraft:granite":1,"minecraft:bone_meal":2,"minecraft:oak_sapling":3,"minecraft:coal":23,"minecraft:cobblestone":298,"alexsmobs:flying_fish":4,"minecraft:oxeye_daisy":1},"minecraft:mined":{"minecraft:farmland":1,"minecraft:white_bed":6,"lootr:lootr_chest":5,"minecraft:mossy_cobblestone":1,"minecraft:oak_door":2,"minecraft:dandelion":7,"minecraft:brewing_stand":2,"minecraft:crafting_table":5,"minecraft:torch":1,"minecraft:granite":1,"minecraft:grass_block":177,"minecraft:yellow_carpet":7,"minecraft:chest":1,"minecraft:rose_bush":2,"minecraft:tall_grass":37,"minecraft:cobblestone":42,"minecraft:kelp":1,"minecraft:oak_planks":4,"minecraft:cartography_table":1,"minecraft:composter":2,"minecraft:diorite":1,"minecraft:oxeye_daisy":1,"minecraft:wall_torch":3,"minecraft:seagrass":1,"minecraft:hay_block":14,"minecraft:oak_trapdoor":1,"minecraft:furnace":4,"minecraft:wheat":1,"minecraft:white_carpet":4,"minecraft:andesite":12,"minecraft:fletching_table":1,"minecraft:yellow_bed":3,"minecraft:azure_bluet":1,"minecraft:grass":888,"minecraft:coal_ore":15,"minecraft:oak_log":14,"minecraft:dirt_path":63,"minecraft:gravel":1,"minecraft:sand":58,"minecraft:dirt":62,"minecraft:stonecutter":1,"minecraft:stone":291,"minecraft:oak_leaves":7},"minecraft:killed_by":{"minecraft:creeper":1,"minecraft:spider":1},"minecraft:used":{"minecraft:oak_trapdoor":4,"minecraft:wheat_seeds":84,"minecraft:water_bucket":3,"minecraft:rose_bush":2,"minecraft:stone_sword":19,"minecraft:iron_shovel":327,"minecraft:stone_pickaxe":385,"minecraft:wooden_pickaxe":6,"minecraft:iron_sword":62,"minecraft:composter":3,"minecraft:stone_hoe":118,"minecraft:torch":9,"minecraft:sand":1,"minecraft:dirt":146,"minecraft:crafting_table":6,"minecraft:white_bed":4,"minecraft:bread":24,"minecraft:stone_axe":50,"minecraft:cobblestone":155,"minecraft:bucket":4,"minecraft:yellow_bed":2,"alexsmobs:animal_dictionary":1,"travelersbackpack:enderman":1,"minecraft:bone_meal":2},"minecraft:killed":{"minecraft:spider":2,"minecraft:iron_golem":3,"minecraft:zombie":6,"minecraft:cow":6},"minecraft:broken":{"minecraft:stone_pickaxe":2},"minecraft:crafted":{"minecraft:oak_slab":18,"minecraft:oak_planks":52,"minecraft:crafting_table":2,"minecraft:wooden_pickaxe":1,"minecraft:bucket":2,"minecraft:stone_axe":1,"minecraft:bread":6,"minecraft:oak_trapdoor":4,"minecraft:stick":24,"minecraft:stone_pickaxe":4,"minecraft:stone_sword":1,"minecraft:iron_shovel":2,"minecraft:composter":2,"minecraft:torch":4,"minecraft:stone_hoe":1,"minecraft:wheat":18}},"DataVersion":3465}