{"stats":{"minecraft:killed_by":{"minecraft:creeper":1,"minecraft:spider":1},"minecraft:used":{"minecraft:flint_and_steel":2,"minecraft:rose_bush":2,"minecraft:oak_fence":16,"minecraft:stone_sword":19,"minecraft:oak_trapdoor":5,"minecraft:iron_shovel":480,"minecraft:ladder":21,"minecraft:chest":8,"minecraft:shield":85,"minecraft:iron_sword":114,"minecraft:cooked_chicken":3,"minecraft:stone_hoe":124,"minecraft:oak_door":2,"minecraft:iron_chestplate":1,"minecraft:torch":64,"minecraft:brewing_stand":1,"minecraft:dirt":389,"minecraft:white_carpet":4,"minecraft:carrot":2,"minecraft:yellow_carpet":8,"minecraft:oak_fence_gate":1,"minecraft:iron_hoe":25,"minecraft:lava_bucket":1,"tombstone:tablet_of_cupidity":2,"minecraft:iron_axe":76,"minecraft:oak_stairs":2,"minecraft:iron_boots":1,"minecraft:furnace":9,"tombstone:gift":4,"minecraft:egg":1,"minecraft:cooked_beef":11,"travelersbackpack:enderman":2,"minecraft:cobbled_deepslate":92,"minecraft:wheat_seeds":128,"minecraft:water_bucket":22,"minecraft:stone_pickaxe":438,"minecraft:cartography_table":1,"minecraft:wooden_pickaxe":6,"minecraft:composter":3,"minecraft:stonecutter":1,"minecraft:sand":1,"minecraft:crafting_table":13,"minecraft:magenta_bed":3,"minecraft:white_bed":12,"tombstone:bag_of_seeds":4,"minecraft:diamond_pickaxe":473,"minecraft:apple":1,"minecraft:bread":62,"minecraft:stone_button":53,"minecraft:oak_button":4,"minecraft:iron_pickaxe":498,"tombstone:magic_scroll":1,"minecraft:stone_axe":92,"minecraft:diamond_sword":263,"minecraft:cobblestone":337,"minecraft:bucket":24,"minecraft:yellow_bed":4,"alexsmobs:animal_dictionary":1,"minecraft:oak_boat":2,"minecraft:bone_meal":2,"minecraft:candle":2},"minecraft:crafted":{"minecraft:oak_planks":208,"minecraft:raw_iron":63,"minecraft:cooked_chicken":4,"minecraft:furnace":1,"minecraft:stone_button":50,"minecraft:stone":80,"minecraft:oak_trapdoor":6,"minecraft:flint_and_steel":1,"minecraft:glass":0,"minecraft:diamond_leggings":1,"minecraft:iron_boots":2,"minecraft:iron_hoe":1,"minecraft:iron_axe":1,"minecraft:ladder":21,"minecraft:stone_pickaxe":5,"minecraft:oak_button":4,"minecraft:stone_hoe":1,"minecraft:oak_fence":15,"minecraft:wheat":125,"minecraft:cooked_beef":13,"minecraft:glass_bottle":3,"minecraft:oak_slab":18,"minecraft:diamond_sword":1,"minecraft:crafting_table":6,"minecraft:wooden_pickaxe":1,"minecraft:iron_helmet":1,"ironfurnaces:upgrade_iron":4,"minecraft:bucket":2,"minecraft:stone_axe":1,"minecraft:bread":43,"minecraft:air":0,"minecraft:blue_dye":1,"minecraft:oak_fence_gate":1,"minecraft:oak_boat":1,"minecraft:iron_chestplate":1,"minecraft:diamond_pickaxe":1,"minecraft:shield":1,"minecraft:stick":148,"minecraft:iron_ingot":252,"minecraft:iron_pickaxe":2,"minecraft:gold_ingot":0,"minecraft:stone_sword":1,"minecraft:iron_shovel":2,"minecraft:iron_leggings":1,"minecraft:composter":2,"minecraft:torch":56,"minecraft:diamond_chestplate":1},"minecraft:custom":{"lootr:looted_stat":12,"minecraft:mob_kills":145,"minecraft:animals_bred":3,"minecraft:interact_with_crafting_table":65,"goblintraders:trade_with_goblin":13,"minecraft:leave_game":6,"minecraft:time_since_death":331417,"minecraft:climb_one_cm":17655,"minecraft:sprint_one_cm":581804,"minecraft:walk_one_cm":1140919,"minecraft:damage_blocked_by_shield":1655,"minecraft:drop":97,"minecraft:talked_to_villager":8,"minecraft:play_time":347331,"minecraft:deaths":3,"minecraft:sneak_time":9989,"minecraft:walk_under_water_one_cm":19797,"minecraft:interact_with_brewingstand":1,"minecraft:jump":5491,"minecraft:walk_on_water_one_cm":107803,"minecraft:total_world_time":347331,"minecraft:interact_with_furnace":130,"minecraft:interact_with_stonecutter":7,"minecraft:interact_with_grindstone":2,"minecraft:sleep_in_bed":4,"minecraft:time_since_rest":113007,"minecraft:damage_taken":3991,"minecraft:damage_dealt":25643,"minecraft:swim_one_cm":10759,"minecraft:fly_one_cm":811530,"minecraft:open_chest":218,"minecraft:crouch_one_cm":27815,"tombstone:undead_killed":85,"minecraft:fall_one_cm":113868},"minecraft:mined":{"minecraft:diamond_ore":5,"minecraft:tuff":16,"blockling_world:rubyore":3,"minecraft:white_bed":12,"minecraft:farmland":1,"minecraft:candle":2,"minecraft:mossy_cobblestone":4,"minecraft:deepslate_diamond_ore":11,"minecraft:oak_door":3,"minecraft:brewing_stand":2,"minecraft:cave_vines_plant":1,"minecraft:ladder":1,"minecraft:granite":17,"minecraft:budding_amethyst":2,"minecraft:grass_block":284,"minecraft:yellow_carpet":8,"minecraft:cartography_table":1,"minecraft:composter":2,"minecraft:moss_block":4,"minecraft:kelp":1,"minecraft:oxeye_daisy":1,"minecraft:hay_block":14,"minecraft:raw_iron_block":1,"minecraft:oak_trapdoor":1,"minecraft:furnace":9,"minecraft:iron_ore":17,"minecraft:cobbled_deepslate":8,"minecraft:andesite":40,"minecraft:deepslate_lapis_ore":10,"minecraft:fletching_table":1,"minecraft:azure_bluet":1,"minecraft:dirt_path":126,"minecraft:cave_vines":2,"minecraft:deepslate_iron_ore":159,"minecraft:vine":6,"minecraft:rail":8,"minecraft:oak_stairs":2,"minecraft:azalea":6,"minecraft:stone":675,"minecraft:deepslate_redstone_ore":15,"lootr:lootr_chest":5,"minecraft:medium_amethyst_bud":2,"minecraft:amethyst_cluster":1,"minecraft:dandelion":7,"minecraft:crafting_table":9,"minecraft:oak_fence":1,"minecraft:clay":3,"minecraft:torch":3,"minecraft:chest":3,"minecraft:rose_bush":2,"minecraft:campfire":1,"minecraft:tall_grass":37,"minecraft:copper_ore":10,"minecraft:cobblestone":88,"minecraft:deepslate_gold_ore":40,"minecraft:lapis_ore":4,"minecraft:oak_planks":4,"minecraft:sugar_cane":1,"minecraft:diorite":11,"minecraft:wall_torch":10,"minecraft:amethyst_block":1,"minecraft:deepslate_copper_ore":14,"minecraft:seagrass":1,"minecraft:wheat":32,"minecraft:magenta_bed":3,"minecraft:white_carpet":4,"minecraft:yellow_bed":4,"minecraft:grass":893,"minecraft:coal_ore":46,"minecraft:oak_log":69,"minecraft:gravel":1,"minecraft:sand":65,"minecraft:dirt":116,"minecraft:cobweb":5,"minecraft:stonecutter":1,"minecraft:oak_leaves":8,"minecraft:deepslate":157},"minecraft:picked_up":{"minecraft:charcoal":2,"minecraft:wheat":18,"minecraft:crafting_table":8,"minecraft:azure_bluet":3,"minecraft:chicken":5,"minecraft:ladder":1,"minecraft:clay_ball":12,"minecraft:diamond_sword":1,"blockling_world:rubyore":3,"minecraft:wooden_pickaxe":1,"minecraft:oak_stairs":2,"minecraft:enchanted_book":2,"minecraft:brewing_stand":2,"minecraft:amethyst_block":1,"minecraft:string":22,"minecraft:oak_trapdoor":1,"minecraft:raw_copper":81,"minecraft:white_carpet":4,"minecraft:iron_shovel":2,"minecraft:cartography_table":1,"minecraft:candle":6,"minecraft:cobbled_deepslate":157,"travelersbackpack:enderman":1,"minecraft:beef":16,"minecraft:oak_boat":3,"minecraft:rose_bush":2,"minecraft:azalea":8,"minecraft:poppy":7,"minecraft:sugar_cane":3,"minecraft:chest":8,"minecraft:egg":8,"minecraft:furnace":9,"minecraft:raw_iron":173,"minecraft:stick":10,"minecraft:oak_door":6,"minecraft:composter":2,"minecraft:oak_fence":1,"minecraft:torch":20,"minecraft:stone_button":9,"tombstone:grave_dust":10,"minecraft:diorite":11,"minecraft:carrot":2,"minecraft:redstone":60,"minecraft:arrow":19,"minecraft:rotten_flesh":59,"minecraft:stone_sword":1,"minecraft:hay_block":14,"minecraft:glow_berries":3,"alexsmobs:flying_fish":4,"minecraft:rail":8,"minecraft:cobblestone":666,"minecraft:oxeye_daisy":1,"minecraft:birch_log":1,"minecraft:feather":3,"minecraft:andesite":16,"minecraft:leather":5,"minecraft:tuff":17,"minecraft:oak_log":59,"minecraft:magenta_bed":3,"minecraft:yellow_bed":4,"minecraft:gunpowder":5,"minecraft:lapis_lazuli":86,"minecraft:dirt":546,"tombstone:gift":1,"minecraft:leather_boots":1,"minecraft:bone":25,"minecraft:apple":2,"minecraft:stonecutter":1,"minecraft:wheat_seeds":144,"minecraft:raw_gold":40,"minecraft:iron_ingot":13,"tombstone:bag_of_seeds":2,"minecraft:fletching_table":1,"minecraft:moss_block":14,"minecraft:oak_planks":39,"minecraft:dandelion":12,"minecraft:amethyst_shard":6,"minecraft:sand":78,"minecraft:white_bed":12,"minecraft:spider_eye":5,"minecraft:mossy_cobblestone":4,"minecraft:bundle":3,"minecraft:yellow_carpet":8,"minecraft:slime_ball":8,"minecraft:diamond":16,"minecraft:granite":28,"minecraft:bone_meal":2,"tombstone:magic_scroll":1,"minecraft:oak_sapling":10,"minecraft:coal":91},"minecraft:broken":{"minecraft:stone_pickaxe":2,"minecraft:iron_pickaxe":2,"minecraft:iron_helmet":1},"minecraft:dropped":{"minecraft:oak_log":6,"minecraft:mossy_cobblestone":1,"minecraft:cobblestone":13,"minecraft:granite":18,"minecraft:stick":1,"minecraft:oxeye_daisy":1,"minecraft:dirt":110,"minecraft:diorite":3,"minecraft:stone_button":6,"minecraft:torch":1,"alexsmobs:flying_fish":4,"minecraft:sand":13,"minecraft:iron_shovel":4,"minecraft:paper":1,"minecraft:oak_door":3,"minecraft:dandelion":14,"minecraft:stone_axe":1,"minecraft:oak_trapdoor":2,"minecraft:stone_sword":2,"alexsmobs:animal_dictionary":1,"minecraft:cobbled_deepslate":17,"minecraft:tuff":5,"minecraft:wheat":2,"minecraft:rotten_flesh":1,"minecraft:oak_planks":9,"minecraft:azure_bluet":3,"minecraft:diamond_sword":1,"minecraft:poppy":5,"minecraft:bundle":2,"minecraft:andesite":15,"minecraft:ladder":1,"minecraft:leather_boots":2,"minecraft:oak_boat":1,"minecraft:oak_sapling":10,"minecraft:arrow":2,"minecraft:wooden_pickaxe":2,"minecraft:stone_pickaxe":3,"minecraft:enchanted_book":1,"minecraft:egg":2,"minecraft:wheat_seeds":4,"minecraft:stone_hoe":1,"minecraft:oak_slab":4},"minecraft:killed":{"alexsmobs:lobster":1,"minecraft:spider":13,"alexsmobs:seagull":4,"minecraft:slime":10,"minecraft:skeleton":21,"minecraft:chicken":4,"minecraft:zombie_villager":1,"minecraft:iron_golem":3,"minecraft:creeper":5,"minecraft:zombie":63,"minecraft:cow":8}},"DataVersion":3465}