{"stats":{"minecraft:dropped":{"alexsmobs:animal_dictionary":1,"minecraft:mossy_cobblestone":1,"minecraft:stick":1,"minecraft:poppy":1,"minecraft:wooden_pickaxe":1,"minecraft:egg":1},"minecraft:picked_up":{"minecraft:leather":4,"minecraft:wooden_pickaxe":1,"minecraft:oak_log":13,"minecraft:brewing_stand":2,"minecraft:yellow_bed":1,"minecraft:dirt":17,"minecraft:bone":2,"minecraft:apple":1,"minecraft:stonecutter":1,"minecraft:wheat_seeds":8,"travelersbackpack:enderman":1,"minecraft:iron_ingot":4,"minecraft:beef":10,"minecraft:rose_bush":2,"minecraft:poppy":1,"minecraft:egg":3,"minecraft:furnace":2,"minecraft:composter":1,"minecraft:torch":5,"tombstone:grave_dust":4,"minecraft:white_bed":2,"minecraft:mossy_cobblestone":1,"minecraft:bundle":1,"minecraft:rotten_flesh":4,"minecraft:hay_block":14,"minecraft:bone_meal":1,"minecraft:oak_sapling":3,"minecraft:cobblestone":50,"alexsmobs:flying_fish":3},"minecraft:custom":{"lootr:looted_stat":4,"minecraft:mob_kills":12,"minecraft:interact_with_crafting_table":15,"minecraft:interact_with_grindstone":2,"minecraft:leave_game":5,"minecraft:time_since_death":48476,"minecraft:sleep_in_bed":1,"minecraft:climb_one_cm":4009,"minecraft:time_since_rest":2406,"minecraft:sprint_one_cm":85997,"minecraft:damage_taken":1132,"minecraft:walk_one_cm":213456,"minecraft:drop":6,"minecraft:damage_dealt":2737,"minecraft:swim_one_cm":1494,"minecraft:fly_one_cm":221769,"minecraft:crouch_one_cm":389,"minecraft:play_time":64390,"tombstone:undead_killed":5,"minecraft:deaths":3,"minecraft:sneak_time":119,"minecraft:walk_under_water_one_cm":293,"minecraft:jump":1236,"minecraft:walk_on_water_one_cm":1609,"minecraft:total_world_time":64390,"minecraft:fall_one_cm":33061},"minecraft:mined":{"minecraft:white_bed":2,"minecraft:mossy_cobblestone":1,"minecraft:brewing_stand":2,"minecraft:torch":1,"minecraft:grass_block":8,"minecraft:rose_bush":2,"minecraft:tall_grass":10,"minecraft:cobblestone":4,"minecraft:composter":1,"minecraft:wall_torch":3,"minecraft:hay_block":14,"minecraft:furnace":2,"minecraft:yellow_bed":1,"minecraft:grass":78,"minecraft:oak_log":14,"minecraft:dirt":9,"minecraft:stonecutter":1,"minecraft:stone":46,"minecraft:oak_leaves":7},"minecraft:killed_by":{"minecraft:creeper":1,"minecraft:spider":1},"minecraft:used":{"minecraft:wheat_seeds":1,"minecraft:rose_bush":2,"minecraft:stone_sword":19,"minecraft:stone_pickaxe":56,"minecraft:wooden_pickaxe":6,"minecraft:iron_sword":30,"minecraft:stone_hoe":18,"minecraft:dirt":3,"minecraft:crafting_table":2,"minecraft:bread":11,"minecraft:stone_axe":15,"minecraft:bucket":1,"alexsmobs:animal_dictionary":1,"travelersbackpack:enderman":1},"minecraft:killed":{"minecraft:iron_golem":1,"minecraft:zombie":5,"minecraft:cow":6},"minecraft:crafted":{"minecraft:oak_slab":18,"minecraft:oak_planks":52,"minecraft:crafting_table":2,"minecraft:wooden_pickaxe":1,"minecraft:bucket":1,"minecraft:stone_axe":1,"minecraft:bread":3,"minecraft:stick":16,"minecraft:stone_pickaxe":2,"minecraft:stone_sword":1,"minecraft:iron_shovel":1,"minecraft:composter":2,"minecraft:stone_hoe":1,"minecraft:wheat":9}},"DataVersion":3465}