{"stats":{"minecraft:dropped":{"alexsmobs:animal_dictionary":1,"minecraft:mossy_cobblestone":1,"minecraft:stick":1,"minecraft:poppy":5,"minecraft:sand":1,"minecraft:wooden_pickaxe":2,"minecraft:egg":1},"minecraft:custom":{"lootr:looted_stat":5,"minecraft:mob_kills":14,"minecraft:interact_with_crafting_table":20,"minecraft:interact_with_grindstone":2,"minecraft:leave_game":5,"minecraft:time_since_death":84476,"minecraft:sleep_in_bed":2,"minecraft:climb_one_cm":5287,"minecraft:time_since_rest":260,"minecraft:sprint_one_cm":181591,"minecraft:damage_taken":1243,"minecraft:walk_one_cm":336966,"minecraft:drop":11,"minecraft:damage_dealt":3987,"minecraft:swim_one_cm":1494,"minecraft:fly_one_cm":291629,"minecraft:open_chest":1,"minecraft:crouch_one_cm":1672,"minecraft:play_time":100390,"tombstone:undead_killed":5,"minecraft:deaths":3,"minecraft:sneak_time":562,"minecraft:walk_under_water_one_cm":293,"minecraft:jump":1651,"minecraft:walk_on_water_one_cm":5117,"minecraft:total_world_time":100390,"minecraft:fall_one_cm":41105},"minecraft:picked_up":{"minecraft:crafting_table":4,"minecraft:andesite":4,"minecraft:leather":4,"minecraft:wooden_pickaxe":1,"minecraft:oak_log":13,"minecraft:brewing_stand":2,"minecraft:yellow_bed":2,"minecraft:dirt":204,"minecraft:white_carpet":4,"minecraft:bone":2,"minecraft:apple":1,"minecraft:stonecutter":1,"minecraft:wheat_seeds":43,"minecraft:cartography_table":1,"travelersbackpack:enderman":1,"minecraft:iron_ingot":9,"minecraft:beef":10,"minecraft:rose_bush":2,"minecraft:poppy":5,"minecraft:fletching_table":1,"minecraft:chest":6,"minecraft:oak_planks":4,"minecraft:egg":3,"minecraft:furnace":4,"minecraft:oak_door":2,"minecraft:composter":1,"minecraft:torch":5,"minecraft:dandelion":1,"minecraft:sand":2,"tombstone:grave_dust":4,"minecraft:white_bed":4,"minecraft:mossy_cobblestone":1,"minecraft:bundle":1,"minecraft:yellow_carpet":7,"minecraft:rotten_flesh":4,"minecraft:hay_block":14,"minecraft:granite":1,"minecraft:bone_meal":2,"minecraft:oak_sapling":3,"minecraft:coal":19,"minecraft:cobblestone":130,"alexsmobs:flying_fish":4},"minecraft:mined":{"minecraft:white_bed":4,"lootr:lootr_chest":5,"minecraft:mossy_cobblestone":1,"minecraft:oak_door":2,"minecraft:dandelion":1,"minecraft:brewing_stand":2,"minecraft:crafting_table":4,"minecraft:torch":1,"minecraft:granite":1,"minecraft:grass_block":130,"minecraft:yellow_carpet":7,"minecraft:chest":1,"minecraft:rose_bush":2,"minecraft:tall_grass":17,"minecraft:cobblestone":11,"minecraft:oak_planks":4,"minecraft:cartography_table":1,"minecraft:composter":1,"minecraft:wall_torch":3,"minecraft:hay_block":14,"minecraft:furnace":4,"minecraft:white_carpet":4,"minecraft:andesite":5,"minecraft:fletching_table":1,"minecraft:yellow_bed":2,"minecraft:grass":389,"minecraft:coal_ore":11,"minecraft:oak_log":14,"minecraft:dirt_path":52,"minecraft:sand":1,"minecraft:dirt":31,"minecraft:stonecutter":1,"minecraft:stone":119,"minecraft:oak_leaves":7},"minecraft:killed_by":{"minecraft:creeper":1,"minecraft:spider":1},"minecraft:used":{"minecraft:oak_trapdoor":3,"minecraft:wheat_seeds":36,"minecraft:water_bucket":1,"minecraft:rose_bush":2,"minecraft:stone_sword":19,"minecraft:iron_shovel":193,"minecraft:stone_pickaxe":158,"minecraft:wooden_pickaxe":6,"minecraft:iron_sword":49,"minecraft:stone_hoe":108,"minecraft:dirt":90,"minecraft:crafting_table":5,"minecraft:white_bed":2,"minecraft:bread":17,"minecraft:stone_axe":44,"minecraft:cobblestone":87,"minecraft:bucket":2,"minecraft:yellow_bed":1,"alexsmobs:animal_dictionary":1,"travelersbackpack:enderman":1},"minecraft:killed":{"minecraft:spider":1,"minecraft:iron_golem":2,"minecraft:zombie":5,"minecraft:cow":6},"minecraft:broken":{"minecraft:stone_pickaxe":1},"minecraft:crafted":{"minecraft:oak_slab":18,"minecraft:oak_planks":52,"minecraft:crafting_table":2,"minecraft:wooden_pickaxe":1,"minecraft:bucket":2,"minecraft:stone_axe":1,"minecraft:bread":3,"minecraft:oak_trapdoor":4,"minecraft:stick":16,"minecraft:stone_pickaxe":3,"minecraft:stone_sword":1,"minecraft:iron_shovel":1,"minecraft:composter":2,"minecraft:stone_hoe":1,"minecraft:wheat":9}},"DataVersion":3465}