{"stats":{"minecraft:dropped":{"alexsmobs:animal_dictionary":1,"minecraft:mossy_cobblestone":1,"minecraft:stick":1,"minecraft:poppy":1,"minecraft:wooden_pickaxe":1,"minecraft:egg":1},"minecraft:custom":{"lootr:looted_stat":5,"minecraft:mob_kills":14,"minecraft:interact_with_crafting_table":15,"minecraft:interact_with_grindstone":2,"minecraft:leave_game":5,"minecraft:time_since_death":72476,"minecraft:sleep_in_bed":1,"minecraft:climb_one_cm":5287,"minecraft:time_since_rest":26406,"minecraft:sprint_one_cm":167411,"minecraft:damage_taken":1183,"minecraft:walk_one_cm":280217,"minecraft:drop":6,"minecraft:damage_dealt":3987,"minecraft:swim_one_cm":1494,"minecraft:fly_one_cm":272551,"minecraft:open_chest":1,"minecraft:crouch_one_cm":1391,"minecraft:play_time":88390,"tombstone:undead_killed":5,"minecraft:deaths":3,"minecraft:sneak_time":446,"minecraft:walk_under_water_one_cm":293,"minecraft:jump":1532,"minecraft:walk_on_water_one_cm":4134,"minecraft:total_world_time":88390,"minecraft:fall_one_cm":37808},"minecraft:picked_up":{"minecraft:crafting_table":2,"minecraft:andesite":4,"minecraft:leather":4,"minecraft:wooden_pickaxe":1,"minecraft:oak_log":13,"minecraft:brewing_stand":2,"minecraft:yellow_bed":1,"minecraft:dirt":169,"minecraft:white_carpet":4,"minecraft:bone":2,"minecraft:apple":1,"minecraft:stonecutter":1,"minecraft:wheat_seeds":43,"minecraft:cartography_table":1,"travelersbackpack:enderman":1,"minecraft:iron_ingot":9,"minecraft:beef":10,"minecraft:rose_bush":2,"minecraft:poppy":3,"minecraft:fletching_table":1,"minecraft:chest":6,"minecraft:oak_planks":4,"minecraft:egg":3,"minecraft:furnace":4,"minecraft:oak_door":2,"minecraft:composter":1,"minecraft:torch":5,"minecraft:dandelion":1,"tombstone:grave_dust":4,"minecraft:white_bed":2,"minecraft:mossy_cobblestone":1,"minecraft:bundle":1,"minecraft:yellow_carpet":7,"minecraft:rotten_flesh":4,"minecraft:hay_block":14,"minecraft:granite":1,"minecraft:bone_meal":2,"minecraft:oak_sapling":3,"minecraft:coal":19,"minecraft:cobblestone":61,"alexsmobs:flying_fish":4},"minecraft:mined":{"minecraft:white_bed":2,"lootr:lootr_chest":5,"minecraft:mossy_cobblestone":1,"minecraft:oak_door":2,"minecraft:dandelion":1,"minecraft:brewing_stand":2,"minecraft:crafting_table":2,"minecraft:torch":1,"minecraft:granite":1,"minecraft:grass_block":103,"minecraft:yellow_carpet":7,"minecraft:chest":1,"minecraft:rose_bush":2,"minecraft:tall_grass":17,"minecraft:cobblestone":4,"minecraft:oak_planks":4,"minecraft:cartography_table":1,"minecraft:composter":1,"minecraft:wall_torch":3,"minecraft:hay_block":14,"minecraft:furnace":4,"minecraft:white_carpet":4,"minecraft:andesite":4,"minecraft:fletching_table":1,"minecraft:yellow_bed":1,"minecraft:grass":389,"minecraft:coal_ore":11,"minecraft:oak_log":14,"minecraft:dirt_path":49,"minecraft:dirt":22,"minecraft:stonecutter":1,"minecraft:stone":57,"minecraft:oak_leaves":7},"minecraft:killed_by":{"minecraft:creeper":1,"minecraft:spider":1},"minecraft:used":{"minecraft:wheat_seeds":1,"minecraft:rose_bush":2,"minecraft:stone_sword":19,"minecraft:iron_shovel":158,"minecraft:stone_pickaxe":88,"minecraft:wooden_pickaxe":6,"minecraft:iron_sword":49,"minecraft:stone_hoe":18,"minecraft:dirt":13,"minecraft:crafting_table":2,"minecraft:white_bed":2,"minecraft:bread":16,"minecraft:stone_axe":39,"minecraft:bucket":1,"minecraft:yellow_bed":1,"alexsmobs:animal_dictionary":1,"travelersbackpack:enderman":1},"minecraft:killed":{"minecraft:spider":1,"minecraft:iron_golem":2,"minecraft:zombie":5,"minecraft:cow":6},"minecraft:crafted":{"minecraft:oak_slab":18,"minecraft:oak_planks":52,"minecraft:crafting_table":2,"minecraft:wooden_pickaxe":1,"minecraft:bucket":1,"minecraft:stone_axe":1,"minecraft:bread":3,"minecraft:stick":16,"minecraft:stone_pickaxe":2,"minecraft:stone_sword":1,"minecraft:iron_shovel":1,"minecraft:composter":2,"minecraft:stone_hoe":1,"minecraft:wheat":9}},"DataVersion":3465}