{"stats":{"minecraft:killed_by":{"minecraft:creeper":1,"minecraft:spider":1},"minecraft:picked_up":{"minecraft:wheat":6,"minecraft:crafting_table":6,"minecraft:azure_bluet":3,"minecraft:ladder":1,"minecraft:diamond_sword":1,"minecraft:wooden_pickaxe":1,"minecraft:brewing_stand":2,"minecraft:amethyst_block":1,"minecraft:oak_trapdoor":1,"minecraft:string":13,"minecraft:raw_copper":61,"minecraft:white_carpet":4,"minecraft:iron_shovel":1,"minecraft:cartography_table":1,"minecraft:cobbled_deepslate":10,"travelersbackpack:enderman":1,"minecraft:beef":10,"minecraft:oak_boat":3,"minecraft:rose_bush":2,"minecraft:poppy":7,"minecraft:chest":6,"minecraft:furnace":7,"minecraft:egg":6,"minecraft:stick":4,"minecraft:raw_iron":117,"minecraft:oak_door":4,"minecraft:composter":2,"minecraft:torch":14,"minecraft:stone_button":5,"tombstone:grave_dust":7,"minecraft:diorite":3,"minecraft:carrot":1,"minecraft:redstone":60,"minecraft:stone_sword":1,"minecraft:arrow":10,"minecraft:rotten_flesh":27,"minecraft:hay_block":14,"alexsmobs:flying_fish":4,"minecraft:cobblestone":379,"minecraft:oxeye_daisy":1,"minecraft:andesite":15,"minecraft:leather":4,"minecraft:oak_log":34,"minecraft:yellow_bed":4,"minecraft:gunpowder":3,"minecraft:lapis_lazuli":58,"minecraft:dirt":320,"minecraft:leather_boots":1,"minecraft:bone":20,"minecraft:apple":1,"minecraft:stonecutter":1,"minecraft:wheat_seeds":104,"minecraft:raw_gold":35,"minecraft:iron_ingot":13,"tombstone:bag_of_seeds":1,"minecraft:fletching_table":1,"minecraft:oak_planks":4,"minecraft:dandelion":12,"minecraft:sand":63,"minecraft:amethyst_shard":6,"minecraft:white_bed":11,"minecraft:spider_eye":3,"minecraft:mossy_cobblestone":1,"minecraft:bundle":1,"minecraft:yellow_carpet":7,"minecraft:slime_ball":8,"minecraft:diamond":11,"minecraft:granite":13,"minecraft:bone_meal":2,"tombstone:magic_scroll":1,"minecraft:oak_sapling":6,"minecraft:coal":53},"minecraft:dropped":{"minecraft:stone_hoe":1,"minecraft:oak_slab":4,"minecraft:wheat_seeds":2,"minecraft:oak_log":6,"minecraft:mossy_cobblestone":1,"minecraft:cobblestone":5,"minecraft:granite":12,"minecraft:stick":1,"minecraft:oxeye_daisy":1,"minecraft:dirt":54,"minecraft:diorite":3,"minecraft:stone_button":6,"minecraft:torch":1,"alexsmobs:flying_fish":4,"minecraft:sand":1,"minecraft:iron_shovel":2,"minecraft:dandelion":14,"minecraft:oak_door":3,"minecraft:stone_axe":1,"minecraft:oak_trapdoor":2,"minecraft:stone_sword":2,"alexsmobs:animal_dictionary":1,"minecraft:cobbled_deepslate":8,"minecraft:rotten_flesh":1,"minecraft:oak_planks":9,"minecraft:azure_bluet":3,"minecraft:diamond_sword":1,"minecraft:poppy":5,"minecraft:andesite":15,"minecraft:ladder":1,"minecraft:leather_boots":2,"minecraft:oak_boat":1,"minecraft:oak_sapling":6,"minecraft:arrow":2,"minecraft:wooden_pickaxe":2,"minecraft:stone_pickaxe":2,"minecraft:egg":1},"minecraft:custom":{"lootr:looted_stat":7,"minecraft:mob_kills":84,"minecraft:interact_with_crafting_table":38,"goblintraders:trade_with_goblin":13,"minecraft:leave_game":5,"minecraft:time_since_death":203936,"minecraft:climb_one_cm":7611,"minecraft:sprint_one_cm":404804,"minecraft:walk_one_cm":656355,"minecraft:damage_blocked_by_shield":925,"minecraft:drop":61,"minecraft:talked_to_villager":6,"minecraft:play_time":219850,"minecraft:deaths":3,"minecraft:sneak_time":5764,"minecraft:walk_under_water_one_cm":13596,"minecraft:jump":3588,"minecraft:walk_on_water_one_cm":85137,"minecraft:total_world_time":219850,"minecraft:interact_with_furnace":19,"minecraft:interact_with_grindstone":2,"minecraft:sleep_in_bed":3,"minecraft:time_since_rest":72443,"minecraft:damage_taken":2680,"minecraft:damage_dealt":15620,"minecraft:swim_one_cm":3953,"minecraft:fly_one_cm":571961,"minecraft:open_chest":1,"minecraft:crouch_one_cm":15292,"tombstone:undead_killed":48,"minecraft:fall_one_cm":85334},"minecraft:broken":{"minecraft:stone_pickaxe":2,"minecraft:iron_pickaxe":1},"minecraft:mined":{"minecraft:diamond_ore":5,"minecraft:tuff":1,"minecraft:white_bed":11,"minecraft:farmland":1,"minecraft:mossy_cobblestone":1,"minecraft:deepslate_diamond_ore":6,"minecraft:oak_door":3,"minecraft:brewing_stand":2,"minecraft:granite":7,"minecraft:ladder":1,"minecraft:budding_amethyst":2,"minecraft:grass_block":188,"minecraft:yellow_carpet":7,"minecraft:kelp":1,"minecraft:composter":2,"minecraft:cartography_table":1,"minecraft:oxeye_daisy":1,"minecraft:hay_block":14,"minecraft:oak_trapdoor":1,"minecraft:furnace":7,"minecraft:iron_ore":16,"minecraft:andesite":31,"minecraft:deepslate_lapis_ore":10,"minecraft:fletching_table":1,"minecraft:azure_bluet":1,"minecraft:dirt_path":68,"minecraft:deepslate_iron_ore":102,"minecraft:stone":403,"minecraft:deepslate_redstone_ore":15,"lootr:lootr_chest":5,"minecraft:medium_amethyst_bud":2,"minecraft:amethyst_cluster":1,"minecraft:dandelion":7,"minecraft:crafting_table":7,"minecraft:torch":2,"minecraft:chest":1,"minecraft:rose_bush":2,"minecraft:tall_grass":37,"minecraft:copper_ore":3,"minecraft:cobblestone":65,"minecraft:deepslate_gold_ore":35,"minecraft:oak_planks":4,"minecraft:diorite":3,"minecraft:wall_torch":7,"minecraft:amethyst_block":1,"minecraft:deepslate_copper_ore":14,"minecraft:seagrass":1,"minecraft:wheat":12,"minecraft:white_carpet":4,"minecraft:yellow_bed":4,"minecraft:grass":888,"minecraft:oak_log":39,"minecraft:coal_ore":39,"minecraft:gravel":1,"minecraft:sand":62,"minecraft:dirt":84,"minecraft:stonecutter":1,"minecraft:oak_leaves":7,"minecraft:deepslate":15},"minecraft:used":{"minecraft:oak_trapdoor":5,"minecraft:stone_sword":19,"minecraft:rose_bush":2,"minecraft:iron_shovel":358,"minecraft:ladder":12,"minecraft:shield":59,"minecraft:iron_sword":114,"minecraft:stone_hoe":124,"minecraft:iron_chestplate":1,"minecraft:torch":33,"minecraft:dirt":246,"minecraft:white_carpet":4,"tombstone:tablet_of_cupidity":1,"minecraft:iron_boots":1,"minecraft:furnace":3,"tombstone:gift":2,"minecraft:cooked_beef":1,"travelersbackpack:enderman":1,"minecraft:cobbled_deepslate":2,"minecraft:wheat_seeds":97,"minecraft:water_bucket":9,"minecraft:stone_pickaxe":438,"minecraft:wooden_pickaxe":6,"minecraft:composter":3,"minecraft:sand":1,"minecraft:crafting_table":10,"minecraft:white_bed":11,"minecraft:bread":50,"minecraft:iron_pickaxe":369,"minecraft:stone_button":49,"tombstone:magic_scroll":1,"minecraft:stone_axe":92,"minecraft:diamond_sword":84,"minecraft:cobblestone":208,"minecraft:bucket":11,"minecraft:yellow_bed":4,"minecraft:oak_boat":2,"alexsmobs:animal_dictionary":1,"minecraft:bone_meal":2},"minecraft:killed":{"alexsmobs:lobster":1,"minecraft:spider":9,"alexsmobs:seagull":1,"minecraft:slime":10,"minecraft:skeleton":15,"minecraft:iron_golem":3,"minecraft:creeper":3,"minecraft:zombie":33,"minecraft:cow":6},"minecraft:crafted":{"minecraft:oak_planks":112,"minecraft:stone_button":50,"minecraft:stone":80,"minecraft:oak_trapdoor":6,"minecraft:iron_boots":1,"minecraft:ladder":12,"minecraft:stone_pickaxe":5,"minecraft:stone_hoe":1,"minecraft:wheat":125,"minecraft:cooked_beef":10,"minecraft:oak_slab":18,"minecraft:diamond_sword":1,"minecraft:crafting_table":5,"minecraft:wooden_pickaxe":1,"minecraft:bucket":2,"minecraft:stone_axe":1,"minecraft:bread":37,"minecraft:air":0,"minecraft:oak_boat":1,"minecraft:iron_chestplate":1,"minecraft:shield":1,"minecraft:stick":92,"minecraft:iron_ingot":26,"minecraft:iron_pickaxe":2,"minecraft:stone_sword":1,"minecraft:iron_shovel":2,"minecraft:iron_leggings":1,"minecraft:composter":2,"minecraft:torch":28}},"DataVersion":3465}