{"stats":{"minecraft:dropped":{"minecraft:stone_sword":1,"alexsmobs:animal_dictionary":1,"minecraft:mossy_cobblestone":1,"minecraft:cobblestone":1,"minecraft:azure_bluet":3,"minecraft:stick":1,"minecraft:poppy":5,"minecraft:diorite":1,"minecraft:torch":1,"minecraft:sand":1,"minecraft:wooden_pickaxe":2,"minecraft:iron_shovel":1,"minecraft:egg":1},"minecraft:picked_up":{"minecraft:crafting_table":4,"minecraft:wheat":5,"minecraft:azure_bluet":3,"minecraft:andesite":5,"minecraft:leather":4,"minecraft:wooden_pickaxe":1,"minecraft:oak_log":13,"minecraft:brewing_stand":2,"minecraft:yellow_bed":4,"minecraft:string":2,"minecraft:oak_trapdoor":1,"minecraft:dirt":295,"minecraft:iron_shovel":1,"minecraft:white_carpet":4,"minecraft:bone":2,"minecraft:apple":1,"minecraft:stonecutter":1,"minecraft:wheat_seeds":103,"minecraft:cartography_table":1,"travelersbackpack:enderman":1,"minecraft:oak_boat":2,"minecraft:iron_ingot":12,"minecraft:beef":10,"minecraft:rose_bush":2,"minecraft:poppy":7,"minecraft:fletching_table":1,"minecraft:chest":6,"minecraft:oak_planks":4,"minecraft:egg":6,"minecraft:furnace":4,"minecraft:oak_door":3,"minecraft:composter":2,"minecraft:torch":6,"minecraft:dandelion":5,"minecraft:sand":59,"tombstone:grave_dust":4,"minecraft:diorite":1,"minecraft:white_bed":11,"minecraft:mossy_cobblestone":1,"minecraft:bundle":1,"minecraft:stone_sword":1,"minecraft:yellow_carpet":7,"minecraft:rotten_flesh":8,"minecraft:hay_block":14,"minecraft:granite":1,"minecraft:bone_meal":2,"minecraft:oak_sapling":3,"minecraft:coal":23,"minecraft:cobblestone":306,"alexsmobs:flying_fish":4,"minecraft:oxeye_daisy":1},"minecraft:custom":{"minecraft:interact_with_furnace":10,"lootr:looted_stat":5,"minecraft:mob_kills":19,"minecraft:interact_with_crafting_table":26,"minecraft:interact_with_grindstone":2,"minecraft:leave_game":5,"minecraft:time_since_death":138476,"minecraft:sleep_in_bed":3,"minecraft:climb_one_cm":5287,"minecraft:time_since_rest":6983,"minecraft:sprint_one_cm":314515,"minecraft:damage_taken":1382,"minecraft:walk_one_cm":475097,"minecraft:drop":19,"minecraft:damage_dealt":4856,"minecraft:talked_to_villager":2,"minecraft:swim_one_cm":1865,"minecraft:fly_one_cm":395913,"minecraft:open_chest":1,"minecraft:crouch_one_cm":9971,"minecraft:play_time":154390,"tombstone:undead_killed":6,"minecraft:deaths":3,"minecraft:sneak_time":3539,"minecraft:walk_under_water_one_cm":7642,"minecraft:jump":2178,"minecraft:walk_on_water_one_cm":68486,"minecraft:total_world_time":154390,"minecraft:fall_one_cm":49209},"minecraft:mined":{"minecraft:farmland":1,"minecraft:white_bed":11,"lootr:lootr_chest":5,"minecraft:mossy_cobblestone":1,"minecraft:oak_door":3,"minecraft:dandelion":7,"minecraft:brewing_stand":2,"minecraft:crafting_table":5,"minecraft:torch":1,"minecraft:granite":1,"minecraft:grass_block":179,"minecraft:yellow_carpet":7,"minecraft:chest":1,"minecraft:rose_bush":2,"minecraft:tall_grass":37,"minecraft:cobblestone":50,"minecraft:kelp":1,"minecraft:oak_planks":4,"minecraft:cartography_table":1,"minecraft:composter":2,"minecraft:diorite":1,"minecraft:oxeye_daisy":1,"minecraft:wall_torch":3,"minecraft:seagrass":1,"minecraft:hay_block":14,"minecraft:oak_trapdoor":1,"minecraft:furnace":4,"minecraft:wheat":12,"minecraft:white_carpet":4,"minecraft:andesite":12,"minecraft:fletching_table":1,"minecraft:yellow_bed":4,"minecraft:azure_bluet":1,"minecraft:grass":888,"minecraft:coal_ore":15,"minecraft:oak_log":14,"minecraft:dirt_path":63,"minecraft:gravel":1,"minecraft:sand":58,"minecraft:dirt":64,"minecraft:stonecutter":1,"minecraft:stone":291,"minecraft:oak_leaves":7},"minecraft:killed_by":{"minecraft:creeper":1,"minecraft:spider":1},"minecraft:used":{"minecraft:oak_trapdoor":4,"minecraft:wheat_seeds":97,"minecraft:water_bucket":3,"minecraft:rose_bush":2,"minecraft:stone_sword":19,"minecraft:iron_shovel":329,"minecraft:stone_pickaxe":393,"minecraft:wooden_pickaxe":6,"minecraft:iron_sword":64,"minecraft:composter":3,"minecraft:stone_hoe":124,"minecraft:torch":21,"minecraft:sand":1,"minecraft:dirt":148,"minecraft:white_carpet":4,"minecraft:crafting_table":6,"minecraft:white_bed":10,"minecraft:bread":26,"minecraft:stone_button":33,"minecraft:stone_axe":63,"minecraft:cobblestone":166,"minecraft:furnace":2,"minecraft:bucket":4,"minecraft:oak_boat":2,"minecraft:yellow_bed":3,"alexsmobs:animal_dictionary":1,"travelersbackpack:enderman":1,"minecraft:bone_meal":2},"minecraft:killed":{"minecraft:spider":2,"minecraft:iron_golem":3,"alexsmobs:seagull":1,"minecraft:zombie":6,"minecraft:cow":6},"minecraft:broken":{"minecraft:stone_pickaxe":2},"minecraft:crafted":{"minecraft:oak_slab":18,"minecraft:oak_planks":52,"minecraft:crafting_table":2,"minecraft:wooden_pickaxe":1,"minecraft:stone_button":33,"minecraft:stone":33,"minecraft:bucket":2,"minecraft:stone_axe":1,"minecraft:bread":10,"minecraft:air":0,"minecraft:oak_trapdoor":4,"minecraft:oak_boat":1,"minecraft:stick":24,"minecraft:stone_pickaxe":4,"minecraft:stone_sword":1,"minecraft:iron_shovel":2,"minecraft:composter":2,"minecraft:torch":16,"minecraft:stone_hoe":1,"minecraft:wheat":27}},"DataVersion":3465}