{"stats":{"minecraft:picked_up":{"minecraft:rotten_flesh":2,"minecraft:wheat_seeds":2,"minecraft:porkchop":2,"minecraft:dirt":30},"minecraft:killed_by":{"minecraft:zombie":2},"minecraft:used":{"minecraft:rotten_flesh":1,"minecraft:dirt":21},"minecraft:killed":{"minecraft:pig":1},"minecraft:mined":{"minecraft:grass":13,"minecraft:grass_block":6,"minecraft:dirt":3,"minecraft:birch_leaves":4,"minecraft:oak_leaves":2},"minecraft:dropped":{"minecraft:dirt":4},"minecraft:custom":{"minecraft:time_since_rest":4018,"minecraft:crouch_one_cm":477,"minecraft:play_time":67299,"minecraft:sprint_one_cm":27385,"minecraft:deaths":2,"minecraft:damage_taken":670,"minecraft:walk_one_cm":13940,"minecraft:sneak_time":253,"minecraft:walk_under_water_one_cm":339,"minecraft:mob_kills":1,"minecraft:drop":4,"minecraft:jump":403,"minecraft:damage_dealt":180,"minecraft:leave_game":1,"minecraft:walk_on_water_one_cm":429,"minecraft:time_since_death":3299,"minecraft:total_world_time":67299,"minecraft:swim_one_cm":1420,"minecraft:fall_one_cm":14066,"minecraft:fly_one_cm":68777}},"DataVersion":3465}