{"stats":{"minecraft:picked_up":{"minecraft:porkchop":2,"minecraft:oak_log":8,"minecraft:dirt":44,"minecraft:rotten_flesh":2,"minecraft:wheat_seeds":3,"minecraft:oak_sapling":3,"minecraft:oak_planks":1},"minecraft:killed":{"minecraft:pig":1},"minecraft:killed_by":{"minecraft:zombie":2},"minecraft:custom":{"minecraft:time_since_rest":29112,"minecraft:sprint_one_cm":31484,"minecraft:damage_taken":850,"minecraft:walk_one_cm":23329,"minecraft:mob_kills":1,"minecraft:drop":4,"minecraft:damage_dealt":180,"minecraft:swim_one_cm":1420,"minecraft:interact_with_crafting_table":2,"minecraft:fly_one_cm":74776,"minecraft:crouch_one_cm":1275,"minecraft:play_time":103855,"minecraft:deaths":3,"minecraft:sneak_time":433,"minecraft:walk_under_water_one_cm":339,"minecraft:jump":481,"minecraft:leave_game":3,"minecraft:walk_on_water_one_cm":1861,"minecraft:time_since_death":29085,"minecraft:total_world_time":103855,"minecraft:fall_one_cm":17858},"minecraft:mined":{"minecraft:birch_leaves":4,"minecraft:grass":14,"minecraft:grass_block":20,"minecraft:oak_log":8,"minecraft:dirt":3,"minecraft:oak_planks":2,"minecraft:oak_leaves":3},"minecraft:crafted":{"minecraft:oak_planks":28,"minecraft:crafting_table":1,"minecraft:stick":4,"minecraft:wooden_axe":1},"minecraft:used":{"minecraft:oak_log":1,"minecraft:wooden_axe":7,"minecraft:oak_planks":20,"minecraft:rotten_flesh":2,"minecraft:dirt":35,"minecraft:crafting_table":1,"minecraft:oak_sapling":3},"minecraft:dropped":{"minecraft:dirt":4}},"DataVersion":3465}