{"stats":{"minecraft:picked_up":{"minecraft:porkchop":2,"minecraft:dirt":10},"minecraft:killed_by":{"minecraft:zombie":1},"minecraft:used":{"minecraft:dirt":2},"minecraft:mined":{"minecraft:grass":3,"minecraft:grass_block":5,"minecraft:birch_leaves":4,"minecraft:dirt":1},"minecraft:killed":{"minecraft:pig":1},"minecraft:dropped":{"minecraft:dirt":4},"minecraft:custom":{"minecraft:jump":97,"minecraft:time_since_rest":19341,"minecraft:damage_dealt":100,"minecraft:sprint_one_cm":5556,"minecraft:play_time":40679,"minecraft:damage_taken":225,"minecraft:time_since_death":17684,"minecraft:walk_one_cm":6393,"minecraft:total_world_time":40679,"minecraft:mob_kills":1,"minecraft:drop":4,"minecraft:fall_one_cm":1105,"minecraft:fly_one_cm":14132,"minecraft:deaths":1}},"DataVersion":3465}