{"stats":{"minecraft:picked_up":{"minecraft:wheat_seeds":11,"minecraft:sand":2,"minecraft:sugar_cane":2,"minecraft:dirt":15},"minecraft:used":{"minecraft:dirt":15,"minecraft:sand":2},"minecraft:mined":{"minecraft:grass":77,"minecraft:grass_block":16,"minecraft:sand":2,"minecraft:tall_grass":18,"minecraft:sugar_cane":2,"minecraft:oak_leaves":2},"minecraft:custom":{"minecraft:time_since_rest":7541,"minecraft:crouch_one_cm":243,"minecraft:play_time":7541,"minecraft:sprint_one_cm":15510,"minecraft:damage_taken":100,"minecraft:walk_one_cm":12860,"minecraft:sneak_time":71,"minecraft:jump":254,"minecraft:leave_game":1,"minecraft:time_since_death":7541,"minecraft:total_world_time":7541,"minecraft:fall_one_cm":6892,"minecraft:fly_one_cm":43767}},"DataVersion":3465}