{"stats":{"minecraft:picked_up":{"minecraft:porkchop":2,"minecraft:dirt":9},"minecraft:killed_by":{"minecraft:zombie":1},"minecraft:used":{"minecraft:dirt":1},"minecraft:mined":{"minecraft:grass":2,"minecraft:grass_block":4,"minecraft:dirt":1},"minecraft:killed":{"minecraft:pig":1},"minecraft:dropped":{"minecraft:dirt":4},"minecraft:custom":{"minecraft:jump":95,"minecraft:time_since_rest":7341,"minecraft:damage_dealt":100,"minecraft:sprint_one_cm":5556,"minecraft:play_time":28679,"minecraft:damage_taken":225,"minecraft:time_since_death":5684,"minecraft:walk_one_cm":5660,"minecraft:total_world_time":28679,"minecraft:mob_kills":1,"minecraft:drop":4,"minecraft:fall_one_cm":836,"minecraft:fly_one_cm":14132,"minecraft:deaths":1}},"DataVersion":3465}