{"stats":{"minecraft:picked_up":{"minecraft:porkchop":2,"minecraft:dirt":2},"minecraft:used":{"minecraft:dirt":1},"minecraft:mined":{"minecraft:grass":2,"minecraft:grass_block":1,"minecraft:dirt":1},"minecraft:killed":{"minecraft:pig":1},"minecraft:custom":{"minecraft:jump":94,"minecraft:time_since_rest":4679,"minecraft:damage_dealt":100,"minecraft:sprint_one_cm":5556,"minecraft:play_time":4679,"minecraft:time_since_death":4679,"minecraft:walk_one_cm":2974,"minecraft:total_world_time":4679,"minecraft:mob_kills":1,"minecraft:fall_one_cm":836,"minecraft:fly_one_cm":13744}},"DataVersion":3465}