{"stats":{"minecraft:picked_up":{"minecraft:wheat_seeds":1,"minecraft:porkchop":2,"minecraft:dirt":29},"minecraft:killed_by":{"minecraft:zombie":1},"minecraft:used":{"minecraft:dirt":18},"minecraft:killed":{"minecraft:pig":1},"minecraft:mined":{"minecraft:grass":8,"minecraft:grass_block":6,"minecraft:dirt":3,"minecraft:birch_leaves":4},"minecraft:dropped":{"minecraft:dirt":4},"minecraft:custom":{"minecraft:time_since_rest":31341,"minecraft:play_time":52679,"minecraft:sprint_one_cm":12396,"minecraft:deaths":1,"minecraft:damage_taken":320,"minecraft:walk_one_cm":8608,"minecraft:mob_kills":1,"minecraft:drop":4,"minecraft:jump":168,"minecraft:damage_dealt":120,"minecraft:time_since_death":29684,"minecraft:total_world_time":52679,"minecraft:fall_one_cm":2979,"minecraft:fly_one_cm":25723}},"DataVersion":3465}