{"stats":{"minecraft:crafted":{"minecraft:crafting_table":4,"minecraft:oak_planks":16},"minecraft:picked_up":{"minecraft:oak_log":4,"minecraft:oak_sapling":1},"minecraft:custom":{"minecraft:jump":60,"minecraft:time_since_rest":8822,"minecraft:leave_game":1,"minecraft:damage_dealt":50,"minecraft:sprint_one_cm":4022,"minecraft:play_time":8822,"minecraft:time_since_death":8822,"minecraft:walk_one_cm":3533,"minecraft:total_world_time":8822,"minecraft:interact_with_crafting_table":1,"minecraft:fall_one_cm":1428,"minecraft:fly_one_cm":14058},"minecraft:mined":{"minecraft:grass":2,"minecraft:oak_log":4,"minecraft:oak_leaves":9},"minecraft:used":{"minecraft:crafting_table":1}},"DataVersion":3465}