{"stats":{"minecraft:used":{"minecraft:wooden_axe":17,"minecraft:stone_pickaxe":88,"minecraft:oak_planks":6,"minecraft:chest":2,"minecraft:wooden_pickaxe":4,"minecraft:torch":1,"minecraft:cobblestone":28,"minecraft:crafting_table":3},"minecraft:mined":{"minecraft:crafting_table":1,"minecraft:grass":1,"minecraft:grass_block":1,"minecraft:oak_log":16,"minecraft:gravel":10,"minecraft:dirt":1,"minecraft:cobblestone":1,"minecraft:stone":78},"minecraft:crafted":{"minecraft:oak_planks":64,"minecraft:crafting_table":2,"minecraft:stick":8,"minecraft:wooden_pickaxe":1,"minecraft:stone_pickaxe":1,"minecraft:wooden_axe":1,"minecraft:chest":2},"minecraft:custom":{"minecraft:time_since_rest":13558,"lootr:looted_stat":1,"minecraft:sprint_one_cm":42431,"minecraft:damage_taken":230,"minecraft:walk_one_cm":39151,"minecraft:mob_kills":1,"minecraft:drop":3,"minecraft:damage_dealt":100,"minecraft:interact_with_crafting_table":3,"minecraft:fly_one_cm":51251,"minecraft:open_chest":4,"minecraft:crouch_one_cm":755,"minecraft:play_time":29567,"minecraft:deaths":1,"minecraft:sneak_time":796,"minecraft:jump":334,"minecraft:walk_on_water_one_cm":907,"minecraft:time_since_death":14566,"minecraft:total_world_time":29567,"minecraft:fall_one_cm":7416},"minecraft:picked_up":{"minecraft:crafting_table":1,"minecraft:torch":1,"minecraft:gravel":10,"minecraft:oak_log":16,"minecraft:dirt":2,"minecraft:diamond":5,"minecraft:oak_sapling":4,"minecraft:cobblestone":79},"minecraft:dropped":{"alexsmobs:animal_dictionary":1,"minecraft:wooden_axe":1,"minecraft:wooden_pickaxe":1},"minecraft:killed":{"blockling_world:grassblockling":1}},"DataVersion":3465}