{
  "minecraft:recipes/food/cake": {
    "criteria": {
      "has_egg": "2024-08-28 21:47:39 +0000"
    },
    "done": true
  },
  "minecraft:recipes/decorations/crafting_table": {
    "criteria": {
      "unlock_right_away": "2024-08-28 21:42:33 +0000"
    },
    "done": true
  },
  "minecraft:adventure/adventuring_time": {
    "criteria": {
      "minecraft:forest": "2024-08-28 21:42:34 +0000",
      "minecraft:savanna": "2024-08-28 21:43:56 +0000"
    },
    "done": false
  },
  "DataVersion": 3465
}